{"eficiencia": [0.9633812779336522, 0.9635540740210573, 0.9633891404272952, 0.9632172776695083, 0.9635137728580156, 0.9633968437442358, 0.9631958056742096, 0.9629336564869919, 0.9635871844589929, 0.9634561851563803, 0.9633715672211542, 0.9635394659169384, 0.967617342632893, 0.9631526238754804, 0.9628847208875265], "matriz_v": [[-0.0006719316562618038, -0.0005679116330682601, -0.0009831987339437047, -0.00038022673899228967, 0.0010569934700141738, -0.0010862559029078227, 0.0002382670122084208], [-0.0004524246530446768, -0.001212859419468984, -0.0002171111787789287, -0.0003615753537830129, -0.0002512788239367775, -0.0008732207846900535, 3.366375391993274e-05], [-0.0006664430396048683, -0.0007046659445982323, -0.000559816608433563, -4.3273425846595865e-05, -0.00032333285247091093, -0.0009199095763847745, 0.00011953284648088364], [-8.027733811738513e-05, -0.0006180149056642485, -1.9060337999194961e-06, -0.00043134824836377596, -0.0002869116951112119, -0.0015314666200634524, 0.00028266668004040376], [-8.648664845347981e-05, -0.0014814091189464967, -0.0004615921577473955, -0.0009897999694746108, -0.0002384143868932241, -0.0029991237895920543, 0.0004190956648598659], [0.00011472422844680617, 0.000500685163731146, -0.00019646930935769179, 0.0002155348254229608, 0.0005320361490034863, 0.0006664297981880767, -0.00017577105360961625], [2.0864395670095208e-06, 7.941912679161871e-06, 2.1368329943363988e-06, 1.5200110973469716e-06, 5.714235668263963e-06, 1.4806192865863925e-05, -2.834574548436666e-06], [-8.8907210978859e-05, -0.001581289989627783, -0.0005056013668150448, -0.0010627258569438345, -0.00027781029885729685, -0.0032949799768320874, 0.000416100982758763], [-0.00016015133765460467, -0.0003888248282007279, -0.0008267240990098358, 0.0001652992472896989, 0.000423354224437011, -5.5465355580604225e-05, 0.0002284128313897832], [-0.00027356168790398493, -0.0003985987235465651, -0.00048781185505142625, 0.00043598721446634603, 0.0003456420323867289, -3.116820191060264e-05, 0.00012299260572219773], [-0.0008079821904605445, 0.00020473921906707633, -0.0003212452650157658, 0.00045940300515381845, 0.0004103957746497578, 0.00013370955656749313, -0.00044219454988939056], [0.0003480151131327624, 0.00010868504495621005, -0.0009718942346364588, -0.0009500300533627939, -0.0003289731426692633, -0.0014864773529728766, 0.00031250519414984055], [0.0, 0.0, 0.0, 0.0, 0.0, 0.0, 0.0], [-0.0015770546590909745, -0.0018723470009319753, -0.001105849437336832, -0.0002411556472029332, -0.0011867021056054528, -0.0026013728982136426, 0.0005166587245304566], [-0.0006246737347648953, 0.00014789901374349414, -0.00012544473604641712, 0.0006492158370120932, 4.595801600756986e-05, 0.0017531735977153254, 0.00021895931000082787]], "matriz_pso": [[-0.046938184074361726, 0.007410544770051685, -0.004895166381772554, 0.03091545928709511, 0.030397876363337385, 0.11754370515848832, 0.03610878734599492], [-0.04698972996668075, 0.0075619951049474485, -0.005075063451327097, 0.030911079461943713, 0.030705092360091897, 0.11749367903129018, 0.03615683345552803], [-0.047534098035942336, 0.005215522491250257, -0.005289392016862756, 0.029959299842839675, 0.028534470750136456, 0.11424776669665716, 0.03734105407429148], [-0.04801640427241583, 0.004352455461940553, -0.0052750789739692125, 0.029396572718272326, 0.0282824140259735, 0.11162544182936184, 0.0376646452842161], [-0.048144224600636734, 0.006163853476474799, -0.004915755037827069, 0.0313805047025067, 0.028379127089307433, 0.1169740725870207, 0.0373334286238471], [-0.04781292600356904, 0.005768113626057112, -0.005379727333911818, 0.030330525730104422, 0.029079910073931358, 0.11490897310700869, 0.037034397795033036], [-0.048231994938381206, 0.004128254396434631, -0.005671674486909173, 0.029964642495291238, 0.02782768903921808, 0.11196816365774921, 0.037614146844151396], [-0.04840866977819795, 0.0010425743507679313, -0.0066575077245255845, 0.02789828437981989, 0.027277192917555492, 0.10554182579954526, 0.038427559340922054], [-0.04631116408562834, 0.006530808776232589, -0.005589201152488505, 0.03064959544100028, 0.030590261037092083, 0.11691888133548464, 0.037343989251730034], [-0.04656179932425835, 0.006509208608461646, -0.004840209980586143, 0.03124781194503542, 0.030418518213300834, 0.11697257769472105, 0.03711101207320509], [-0.047635406320716576, 0.00701154000097115, -0.004696885662499921, 0.03084723655784963, 0.029894509658336343, 0.11637349230771549, 0.036373892151587886], [-0.04717769381927104, 0.007251662461069706, -0.004897820969077156, 0.03104926376647432, 0.030723336985222255, 0.11763768745274983, 0.03609135431071026], [-0.047856206214092326, 0.005558672646408067, -0.005286809400156791, 0.030238411762424235, 0.028856880282527787, 0.11463490772099333, 0.0371036114946991], [-0.04849026911750669, 0.004723885565789641, -0.00569400350374334, 0.030094067463986, 0.02825743825883772, 0.11344834338911224, 0.0373806626034437], [-0.04969193701031818, 0.0011783952705932531, -0.007479149278488849, 0.02899074685525471, 0.026481107735251634, 0.10558635741426778, 0.037809772766479885]], "p_best": [[-0.04399423082041629, 0.012145486089978588, -0.002574588270540139, 0.03291037073381832, 0.032000063601713036, 0.12527789145000284, 0.0336673047243599], [-0.04448891897055299, 0.013598961481256756, -0.004301068200350473, 0.03286833736307644, 0.03494842876311735, 0.12479778855123085, 0.03412840530826495], [-0.04615595264675587, 0.0037184055677514155, -0.005312004737173649, 0.028752414244009813, 0.027134772833297887, 0.11255616810501261, 0.038369453016931385], [-0.048706623036953146, -0.0004241409795042658, -0.004983250126842639, 0.026063692722839774, 0.025777523650224014, 0.09938388276251894, 0.040034598310126], [-0.04939047781677684, 0.00874843894827892, -0.0033219294480140117, 0.03629506403869496, 0.026309950189725283, 0.127019888059623, 0.03833500808879403], [-0.047707984849946115, 0.005656040330367883, -0.005038087729031806, 0.03022809372699207, 0.028947662037660853, 0.11489036747999598, 0.03695413328723246], [-0.04985567829217717, -0.0020522032685548197, -0.007334574394296232, 0.028781758142744647, 0.023380826795554976, 0.10044587024003847, 0.03982003460727883], [-0.050311565162887345, -0.010014406723732484, -0.00987839121736624, 0.023449784806835943, 0.021960341827219034, 0.08386352575147532, 0.04191894171897603], [-0.04284016433132694, 0.009155038815294985, -0.0049570082951161075, 0.03125553692699837, 0.03356266391366417, 0.1217728404968172, 0.0374968026834423], [-0.043440809058244156, 0.009103274239239918, -0.003162058788535311, 0.032689156519628663, 0.03315108403343684, 0.12190152325988879, 0.036938475312806134], [-0.04597504130340575, 0.00924313680900447, -0.0031540448000613418, 0.031194118150875146, 0.031072345474431984, 0.11921918816384859, 0.03578739599538196], [-0.046292816164823676, 0.010620685723087966, -0.0026000644593111646, 0.03419449808919414, 0.035123523216809505, 0.1261798435785272, 0.0334999991333953], [-0.047856206214092326, 0.005558672646408067, -0.005286809400156791, 0.030238411762424235, 0.028856880282527787, 0.11463490772099333, 0.0371036114946991], [-0.048962938708415046, 0.003075381697350896, -0.005529275634293611, 0.029393441947878948, 0.026279761516597992, 0.11080338819828392, 0.03845477865402133], [-0.053798235422128714, -0.011988703145483184, -0.013124082828444761, 0.024658474503697535, 0.018878043062774203, 0.0769375743778861, 0.04015523287191196]], "g_best": [-0.047856206214092326, 0.005558672646408067, -0.005286809400156791, 0.030238411762424235, 0.028856880282527787, 0.11463490772099333, 0.0371036114946991], "r": [0.3242529530797964, 0.8809842089119512], "qde_particulas": 15, "condicao_voo": {"Velocidade": 20, "Viscosidade": 1.789e-05, "Temperatura": 288.2, "Densidade do Ar": 1.225, "Diametro da Helice": 2.4383999999999997, "Numero de pas": 2, "Rotacao do Motor": 1000.0}, "condicoes_geometricas": {"raio": [0.254, 0.30479999999999996, 0.4572, 0.6095999999999999, 0.762, 0.9144, 1.0668, 1.2191999999999998],