{"eficiencia": [0.9654777069070798, 0.9654665047246683, 0.9654686313644336, 0.9654603387348144, 0.967916744496608, 0.9654497876332926, 0.9654752733178512, 0.967916744496608, 0.9654668068222158, 0.967916744496608, 0.9647918729702447, 0.967916744496608, 0.967916744496608, 0.9654698665575097, 0.9654780337324658], "matriz_v": [[4.036205617292477e-05, -5.695825718058246e-05, 6.403348726461897e-05, 9.134511017947541e-05, 2.3709095264145e-05, -3.506779620996486e-05, 3.06429644917349e-05], [1.7544356578395127e-05, -5.5063032522162045e-05, 4.761733097752622e-05, 0.00011035246618499412, 5.487202746851864e-05, -4.81470616726015e-06, 2.8183308655295913e-05], [2.1570842705659945e-05, -4.775242741515028e-05, 5.5087929266716686e-05, 9.43379104907646e-05, 5.4034207627427734e-05, 4.3264934428289375e-06, 2.8196477888198522e-05], [1.6118886865873068e-05, -5.104577027628297e-05, 6.325621103890372e-05, 9.508728217422517e-05, 6.285217991457192e-05, -9.210516853505058e-06, 2.3294606670736987e-05], [0.0, 0.0, 0.0, 0.0, 0.0, 0.0, 0.0], [1.953798408789174e-05, -4.372733373639022e-05, 5.366591325074401e-05, 9.933108756407332e-05, 5.3854863392568584e-05, 9.55690276013316e-07, 2.735155831274142e-05], [2.954713384106946e-05, -5.2610382975236836e-05, 4.523637639271982e-05, 9.04787736141613e-05, 5.2827603127125365e-05, -7.129578234527926e-06, 2.719321688908564e-05], [-6.4337135255024775e-09, -8.587178689646933e-09, 5.459145617883767e-09, 2.0377692717619885e-09, 1.4011917691327324e-08, 5.4554202938522e-09, -3.616303823925238e-09], [1.8370623623475182e-05, -4.6265672547630846e-05, 5.8704872251391855e-05, 0.00010413494696863066, 6.271920684973686e-05, -6.415947482654274e-07, 2.7617258505083784e-05], [6.154227683865745e-07, 4.2994477290532755e-07, -9.496474558395188e-08, 1.9551990516850002e-07, -7.72346985913048e-07, -3.632224640094761e-07, 3.1518105270346007e-07], [3.601205506276826e-05, -3.628846456162993e-05, 5.056938819542051e-05, 4.431140057925304e-05, 5.493787341634746e-05, 2.5721352719571303e-05, 2.4569025707168817e-05], [-8.93029297204934e-08, -7.131391768325867e-08, 2.7732139207737793e-08, -2.4080904895368814e-08, 1.1415365087949951e-07, 5.425806670633597e-08, -4.880761990528877e-08], [3.2447010386656934e-09, -4.463109077393493e-09, 8.859015631313318e-09, 1.021262372739835e-08, 5.304798038012475e-09, 1.8594004524421285e-10, 1.2047242907240058e-09], [-1.949048091762287e-06, -2.964962889278873e-05, 2.080780095566794e-05, 7.541139262544187e-05, 1.0083511716436373e-05, -1.5131775018454891e-05, 3.222824029065966e-05], [2.3019795783648468e-05, -4.52447133403493e-05, 5.8975164953669387e-05, 0.00010518577081729274, 5.167753604381223e-05, -8.095608228172854e-06, 2.3551584331338407e-05]], "matriz_pso": [[-0.044758680821826144, -0.030332195145012945, -0.010494762098652737, 0.002339812386417765, 0.02061885287558423, 0.0364839205424049, 0.04494711535178114], [-0.04463906128997665, -0.030342130636095786, -0.010408712616189043, 0.0022401578522091054, 0.020455465083772304, 0.036325301686945165, 0.044960004335824776], [-0.04466016689118763, -0.030380450578378668, -0.01044787119349829, 0.002324101225008717, 0.020459856677557536, 0.03627738633160489, 0.044959935306758465], [-0.04463158941640252, -0.030363187888559028, -0.01049068681292769, 0.0023201732492477145, 0.020413635580377593, 0.03634834317384228, 0.04498562940723051], [-0.04454789396024486, -0.030631163334786025, -0.010159265547808764, 0.0028181488507612916, 0.02074398469545241, 0.036300514792121596, 0.045107357903513244], [-0.04464951127188364, -0.030401548880803077, -0.010440417423138691, 0.0022979285273377966, 0.020460796744847153, 0.036295055044510145, 0.044964364115166404], [-0.04470197615478018, -0.03035498667026842, -0.01039623238494521, 0.0023443296329460133, 0.020466181327040416, 0.036337435533967614, 0.04496519409218292], [-0.044547711899346074, -0.030631116119118913, -0.010159146568902705, 0.0028183610310479486, 0.020743862081825992, 0.036300421271143316, 0.045107447317944305], [-0.04464339232756028, -0.030388243689876037, -0.01046683009558428, 0.002272748174627857, 0.020414332584263745, 0.03630342752107586, 0.04496297139652196], [-0.04455072324546072, -0.030633365517064526, -0.010158515216367034, 0.0028175577720759184, 0.020747849733600155, 0.03630225506308526, 0.04510589360102892], [-0.04473586458634847, -0.03044054217899791, -0.010424185983688439, 0.002586329312484996, 0.020455119857979945, 0.03616523913125276, 0.04497894962235887], [-0.044547584309077556, -0.03063101205849315, -0.01015922776360898, 0.0028183611140587175, 0.02074371973152185, 0.03630035627971999, 0.04510751993025058], [-0.044547883734146615, -0.030631177400856014, -0.01015923762746629, 0.002818181037176118, 0.02074400141421488, 0.03630051537813588, 0.045107361700358874], [-0.04453685282727886, -0.03047536839355364, -0.010268139147692599, 0.0024233494311751693, 0.020690288871535012, 0.036379400282841375, 0.0449388040926592], [-0.04466776185733698, -0.030393595243861433, -0.010468246886752615, 0.0022672400793825576, 0.020472209624781707, 0.03634249916591847, 0.04498428240941325]], "p_best": [[-0.046440712908324876, -0.027945586461930377, -0.013172712546843714, -0.0014780632336762341, 0.019619530445934088, 0.037947561024346786, 0.04366830523426454], [-0.04536634542245574, -0.02803482238282119, -0.012399878726702531, -0.0023731367529790425, 0.01815201500209221, 0.0365228761882955, 0.04378405618545254], [-0.04555590001621431, -0.028378983206276118, -0.012751571537526348, -0.0016192206825155614, 0.01819145698564863, 0.03609253660092588, 0.0437834362184357], [-0.04529923868875982, -0.02822394274458867, -0.01313610914279664, -0.0016544987986055592, 0.017776333947388073, 0.03672981744738189, 0.044014201252242764], [-0.04454789396024486, -0.030631163334786025, -0.010159265547808764, 0.0028181488507612916, 0.02074398469545241, 0.036300514792121596, 0.045107357903513244], [-0.0454601992793236, -0.02856847224783789, -0.012684627393251137, -0.0018542841154394793, 0.018199899961113195, 0.03625122365577502, 0.04382321243566873], [-0.0459313992922788, -0.028150285586668333, -0.012287790701358495, -0.0014375443772255063, 0.018248260217710498, 0.03663185325178101, 0.04383066666332239], [-0.044545868108986295, -0.030630584290975895, -0.010158016579724392, 0.0028204358923472604, 0.0207425452655111, 0.036299457474344494, 0.04510835638811293], [-0.04540524353587655, -0.02844897505674423, -0.012921846098629506, -0.0020804350542786908, 0.017782593910663544, 0.036326418926371826, 0.04381070408709195], [-0.04455072324546072, -0.030633365517064526, -0.010158515216367034, 0.0028175577720759184, 0.020747849733600155, 0.03630225506308526, 0.04510589360102892], [-0.04623581445441028, -0.028918724169174893, -0.012538831690068628, 0.0007361041711250946, 0.01814891101360695, 0.035085233795197714, 0.04395422223354039], [-0.044544981106516564, -0.03062979898631395, -0.010158828547040229, 0.0028202259455316235, 0.02074157435768596, 0.03629904205055963, 0.04510887817436175], [-0.04454780813901933, -0.030631281382484728, -0.010159031229894906, 0.0028184189711433585, 0.020744125005534474, 0.036300519710171744, 0.045107389768056005], [-0.044448320978950615, -0.02923152526093968, -0.011137253769760836, -0.0007277587731499397, 0.020261146947447413, 0.03700879167724307, 0.043593656019537186], [-0.04562411227459339, -0.02849703867888598, -0.01293457064846202, -0.0021299046119647724, 0.018302401841916453, 0.03667733097533844, 0.04400210353365641]], "g_best": [-0.04454789396024486, -0.030631163334786025, -0.010159265547808764, 0.0028181488507612916, 0.02074398469545241, 0.036300514792121596, 0.045107357903513244], "r": [0.28115777531716724, 0.35272830832523694], "qde_particulas": 15, "condicao_voo": {"Velocidade": 20, "Viscosidade": 1.789e-05, "Temperatura": 288.2, "Densidade do Ar": 1.225, "Diametro da Helice": 2.4383999999999997, "Numero de pas": 2, "Rotacao do Motor": 1000.0},