{"eficiencia": [0.9570331443985248, 0.9571683242176601, 0.9570331443985248, 0.9570331443985248, 0.9570287648275853, 0.9571068476149532, 0.9571750183719004, 0.9571886572889454, 0.9571659337253422, 0.957164306396163, 0.957123894693247, 0.9570331443985248, 0.957085764307405, 0.9570200601990481, 0.957011210586416], "matriz_v": [[0.0, 0.0, 0.0, 0.0, 0.0, 0.0, 0.0], [-8.890026327262197e-05, 0.00012809464602882802, 2.1515070361062943e-05, -0.00017210296944526813, 1.1136568950565153e-05, 0.00015988392260340127, 1.3250918488783774e-05], [3.80860058566152e-08, -2.3687303340604382e-08, -1.0657598751997245e-07, 2.538001458944814e-07, -9.861357528023974e-08, -2.1842135883952386e-07, 7.407592121785403e-09], [-1.0075446093233195e-05, -1.0987917218481098e-06, 2.6182958169228128e-05, -3.430954464418191e-05, 3.0338646321026433e-05, 3.88959701446076e-05, 1.4322486444862665e-05], [-8.814964295890408e-07, -6.419035285807692e-08, -6.12318366773836e-07, 5.9880497607998525e-06, -3.2589544795190633e-06, -5.618078438743852e-06, -1.5045149358261047e-06], [-1.481812389646753e-05, 1.4848867222351989e-05, 7.963343210401756e-06, -2.3075524988500594e-06, 1.020499133613895e-05, 4.625221145606965e-06, -2.217941945319733e-06], [-2.2809273400200164e-06, -9.73797194839987e-06, -1.936124978762602e-06, -5.524602199503679e-07, -4.5092286133877694e-06, 7.212997029790799e-05, 4.7789218245051676e-05], [-0.00018818126313401365, 0.00014837936133614267, 0.00012611474987585036, -0.00017353354982732876, -3.7322167868706e-05, 5.2280980643492904e-05, 5.395307455585742e-05], [-1.2537462121037989e-05, 4.581175452605646e-06, 7.107762958943082e-06, -8.870691359898494e-06, 1.5616949030498645e-06, 4.1348255630239756e-06, 7.2772936074363625e-06], [-2.344831762363908e-06, 2.6669397633501007e-05, 1.394997759323632e-05, -1.8511996231493546e-05, 1.9646533513341945e-05, 1.964362658274918e-05, -1.923803811207831e-06], [-7.431991771796995e-06, 1.542100070802837e-05, 1.3301783122066096e-05, -1.372002935736361e-05, 1.3174896041878356e-05, 1.616971595892862e-06, 2.678066086141959e-06], [-2.1104985545190313e-06, 2.858026412755861e-06, 3.276178568321775e-05, -4.3915501118605313e-05, 2.3496656652939e-05, 3.6354385733404674e-05, 2.228624476605152e-05], [-4.142627751297057e-06, 3.3328592596894065e-06, 1.0341012975183285e-08, -2.9339840278772085e-06, 2.794885457315663e-06, 2.228343325253831e-06, 1.4860559328443164e-06], [-4.4102287397768756e-05, 3.2395025076884204e-05, 4.577960106992755e-05, -7.097904143195939e-06, 9.054433351739064e-06, 5.0598406791343075e-05, 2.597983704398682e-07], [1.3793730312850206e-06, -1.6569527811381512e-06, -1.69215795654141e-06, 2.8061730179474607e-06, -9.950500157786448e-07, -2.003259725364575e-06, 3.8610843954025774e-07]], "matriz_pso": [[-0.04797086398246943, -0.022770972806539953, -0.007624286586456949, -0.0049079109900759125, 0.0189599798253255, 0.03724634694335344, 0.04798499211412842], [-0.04793490648327737, -0.022822782250411493, -0.00763299194696529, -0.0048382946430233775, 0.018955472372455054, 0.037181673813176476, 0.04797963293805092], [-0.04797103753216206, -0.022770864868620996, -0.007623800942728788, -0.004909067502456686, 0.018960429186062944, 0.03724734224225223, 0.047984958359333], [-0.047971431292796136, -0.022771034866505235, -0.007622812375140307, -0.004909841978881346, 0.01896168819027532, 0.03724853653840298, 0.04798579898184192], [-0.047972514421127696, -0.022771090017400776, -0.007625418088867903, -0.004896757074351121, 0.018953904943415638, 0.0372358799580432, 0.04798218166155876], [-0.04792763055669445, -0.022814296251351278, -0.007647518556734172, -0.004901183980159676, 0.01893020730687056, 0.03723285697300411, 0.04799146315366583], [-0.047976695995677346, -0.022795871584100794, -0.007629237093181879, -0.00490932336881103, 0.01894845022486205, 0.037430773967151415, 0.048107183091817954], [-0.04716447718839174, -0.02340680214872165, -0.008164707685457774, -0.004164294050781077, 0.019119912281720292, 0.037022316543544584, 0.04775379439224207], [-0.04791060202528405, -0.022792995129140858, -0.007658473611551368, -0.004865211635693689, 0.018952447836636938, 0.037226416501609835, 0.04795002148369481], [-0.04796066129210458, -0.02288695695637181, -0.007684967852920532, -0.0048273693642796045, 0.01887452631200671, 0.03716088906643701, 0.04799335946930023], [-0.047935062748007615, -0.022845244190239804, -0.007688373607055734, -0.004841771616770666, 0.01889650593684623, 0.03723850326261234, 0.04797209686501764], [-0.047970982609954776, -0.022770811970322335, -0.00762244177545871, -0.004910383103329934, 0.018961302766096453, 0.037248393365417895, 0.04798624759769207], [-0.047950872496738815, -0.022787055950068177, -0.007624345108426209, -0.004893733816313243, 0.01894648637014872, 0.037235577387656094, 0.04797782241336828], [-0.04798487530382585, -0.022760680846835905, -0.007609743040228951, -0.004910163565059324, 0.01896285553189329, 0.037262420368959055, 0.047985074727192656], [-0.04798092981822448, -0.02275887336829969, -0.007611959915939739, -0.004928324884358333, 0.018967215332737836, 0.03726090644383133, 0.04798217334819367]], "p_best": [[-0.04797086398246943, -0.022770972806539953, -0.007624286586456949, -0.0049079109900759125, 0.0189599798253255, 0.03724634694335344, 0.04798499211412842], [-0.04793490648327737, -0.022822782250411493, -0.00763299194696529, -0.0048382946430233775, 0.018955472372455054, 0.037181673813176476, 0.04797963293805092], [-0.04797165055564211, -0.022770483603303224, -0.007622085520455237, -0.004913152610494905, 0.018962016447203515, 0.03725085790157372, 0.04798483912845542], [-0.04794180182944748, -0.022767802972817927, -0.0076998099899122, -0.0048089485872228836, 0.018872469176328517, 0.0371341544146542, 0.047943678642488545], [-0.047992562532768276, -0.022772510259608914, -0.007639144837866072, -0.004761337347294081, 0.01888014447659374, 0.037108797610521445, 0.0479480503908777], [-0.047791951862689724, -0.022950257285533116, -0.007720428018560289, -0.004880069899744342, 0.018836771914978827, 0.037190519284711517, 0.048011771121828396], [-0.047999064891581435, -0.022891373217394838, -0.0076482260418703416, -0.004914738656856492, 0.018904226648266974, 0.038138158259914984, 0.04857585736328296], [-0.044128162657760886, -0.025800911143252947, -0.010199572801801853, -0.0013643291652899526, 0.019722111309551465, 0.03617876781084359, 0.046883258037720296], [-0.047701708556275355, -0.022869333138421793, -0.0077769743289793246, -0.004717213582606476, 0.018926345392282797, 0.03715734366387076, 0.04782879638488143], [-0.04796066129210458, -0.02288695695637181, -0.007684967852920532, -0.0048273693642796045, 0.01887452631200671, 0.03716088906643701, 0.04799335946930023], [-0.04781024778128846, -0.02310419036891658, -0.007911794198762576, -0.0046112260553367425, 0.018675221404181618, 0.037211201351302056, 0.04792713535305761], [-0.047964776802725685, -0.022779216455514117, -0.00771878668569094, -0.004781240106754089, 0.01889220496605343, 0.037141485641087005, 0.047920707099520544], [-0.04788277126147546, -0.022841842724786673, -0.007624554357244794, -0.004845418030146233, 0.018900513978929744, 0.03719887237745286, 0.0479534006995548], [-0.04794077301642808, -0.022793075871912788, -0.007655522641298878, -0.004903065660916128, 0.018953801098541553, 0.03721182196216771, 0.047984814928822214], [-0.048019132718314865, -0.022712946262886582, -0.00756519292103489, -0.005005753320412984, 0.018994656715935438, 0.037316119311928096, 0.04797147438181034]], "g_best": [-0.04797086398246943, -0.022770972806539953, -0.007624286586456949, -0.0049079109900759125, 0.0189599798253255, 0.03724634694335344, 0.04798499211412842], "r": [0.30366440110414084, 0.19254528615861577], "qde_particulas": 15, "condicao_voo": {"Velocidade": 20, "Viscosidade": 1.789e-05, "Temperatura": 288.2, "Densidade do Ar": 1.225, "Diametro da Helice": 2.4383999999999997, "Numero de pas": 2, "Rotacao do Motor": 1000.0},