{"eficiencia": [0.9653449726760855, 0.9678754197193099, 0.9678172499221798, 0.9654281946481023, 0.9678557267540773, 0.9678412534289742, 0.9678710967117693, 0.9679838982245894, 0.9678440398734052, 0.9654477008876768, 0.9653854200881051, 0.9654122528248679, 0.9652907603653164, 0.9678738234605669, 0.9678838944394289], "matriz_v": [[9.816724191435131e-05, -4.7438971352470614e-05, -8.932964803643863e-06, -3.017995427892278e-05, 3.810578556760367e-05, 0.00011016507758398022, -7.751532794511204e-05], [-3.4731850068977114e-05, 1.7500999859506074e-05, -4.772873833980371e-05, 2.2144342296207665e-05, -4.6665596730927e-05, 5.5115557746912135e-05, -7.888954782761242e-06], [0.0001637714921614074, -0.0001305570802833068, -6.39701348145874e-05, 8.816598444410248e-05, -7.401660103757142e-05, 0.00018886880571052165, -0.00013024687735869415], [-3.5930326668731565e-05, 0.00030372568460456474, -0.0002154002423033043, -0.00037176268367152763, -0.0006872560849403701, 0.0011677242639058156, -0.0005604247722425036], [8.11438513214516e-07, -1.187406054751225e-06, 1.095436126464643e-06, 1.6014388430734666e-06, 1.7291410062858872e-06, -5.763460445215043e-07, 2.0302538179885717e-07], [-4.908891917239696e-05, -9.858254540695551e-06, 1.4197555197968145e-05, -2.7424620509405807e-05, -1.7696021052763592e-05, 5.6679070660285366e-05, 9.646076282676817e-07], [-6.613196463355701e-06, -1.006071290258499e-06, 4.969398142358024e-07, -1.593340950334661e-05, -1.0408280755355487e-05, 1.737402427967602e-05, -4.55853945710126e-07], [-4.591828160752631e-05, 5.696575389053604e-05, -5.457233028806135e-05, -8.138402556008334e-05, -0.00010504356028063182, 4.7753258543904405e-06, -8.335903822354375e-06], [0.00010238150299881764, 7.48402031142643e-05, -3.783321388942675e-05, 1.066339191997958e-05, -0.0002377721100865694, 0.0002796107875230738, 5.116064806005289e-05], [-9.54190304397776e-06, 0.00013847524040947032, -7.21148396836587e-06, -8.214499364839355e-05, -0.00012885762548655092, -9.594356832511034e-06, -6.100150353459101e-05], [-0.00011771008408330852, 9.487939553077759e-05, -4.2646715710813895e-05, 0.00010987390752478064, -0.00013294803594474417, 0.0001852738832086899, -0.00013589651982476685], [0.00029521624869499824, 5.898246335944962e-05, -1.1714917533080489e-05, 4.7645059482751754e-05, -1.0195454353757114e-05, 0.0001631841011911281, -0.00023023511229897033], [-0.00012555967905116227, -1.7504418959087133e-05, 0.00023092642885693228, 0.000108900190912145, 9.976550820543607e-05, 0.00015819900393485213, -0.0001543533950589522], [0.0, 0.0, 0.0, 0.0, 0.0, 0.0, 0.0], [2.211477242639162e-06, -1.164271265148132e-06, 2.235439004630142e-06, -1.4859186244686204e-06, -6.352792430114687e-08, -4.8527785754072435e-06, -4.273624370941379e-07]], "matriz_pso": [[-0.04321587764828636, -0.028354213018387694, -0.01098420584802367, 0.005283703521458788, 0.016038034550796353, 0.03543152724495817, 0.044240573572841696], [-0.03993228335939274, -0.02997645228302262, -0.010188153427855156, 0.0040916729808349525, 0.018055416487706626, 0.037122968805962324, 0.042409782479868256], [-0.04296522341891316, -0.027753680397552653, -0.010341584542322627, 0.0032619942958439455, 0.018020869428199974, 0.03565661906235532, 0.04404423740262024], [-0.04052911432710992, -0.030909178362601535, -0.010272109015948105, 0.006133000662010554, 0.020035027485387304, 0.03313726654010687, 0.04470523319526117], [-0.04053815233696561, -0.03022807417769684, -0.010701636091459136, 0.005186380203693835, 0.017021791170260262, 0.03697915292222153, 0.04241174795423135], [-0.03983106375650467, -0.029403829022379604, -0.011464494753512132, 0.004978117449898724, 0.017323888302346088, 0.03728798676898912, 0.042223307025971726], [-0.04040894596349266, -0.029559401144581318, -0.011214557553772209, 0.005154720208652173, 0.017464202597025642, 0.037595549705062806, 0.04226124644642324], [-0.04006337672933183, -0.030346879259298295, -0.010478350991801203, 0.005603110692704562, 0.01843859846921729, 0.03820958916436685, 0.04235298813751268], [-0.04212909353278996, -0.030602207129107828, -0.010706498735333945, 0.004326323594294417, 0.020302263276293354, 0.03437218575334292, 0.041523216424525264], [-0.04057886861779773, -0.03151038410545386, -0.011149779252269607, 0.005618236300866119, 0.01878319285251583, 0.03841392746028242, 0.043103260502158444], [-0.039064054565832555, -0.030878640013987612, -0.010636722192797245, 0.0029658423348358693, 0.018837717412281504, 0.035710675004751946, 0.04411961099697818], [-0.044935127165569404, -0.030378199715151762, -0.011088250235264586, 0.003763261434363586, 0.017088132718682987, 0.03594620071331924, 0.04552361796997979], [-0.03904738701827243, -0.029330946785467958, -0.014265082384424341, 0.003049566359290368, 0.01567862480534257, 0.03619714348902573, 0.04426578623382338], [-0.04068007424832922, -0.029581810579412175, -0.011211275211008847, 0.004510096649237033, 0.017027829147198494, 0.0382737233502229, 0.042241034226654546], [-0.04025187099530976, -0.029903617896938916, -0.010754460639092429, 0.004552241724361935, 0.017328123697943933, 0.03761618966171646, 0.042208863010968024]], "p_best": [[-0.044619668588692034, -0.027674826506635882, -0.010858170002006761, 0.005712504353185991, 0.015490590139655107, 0.033857801844562024, 0.04534774773678573], [-0.03950480889341337, -0.030200114136104666, -0.009602798273994673, 0.0038461513803167047, 0.0186403570086286, 0.03646124539810426, 0.042506367147783594], [-0.04296522341891316, -0.027753680397552653, -0.010341584542322627, 0.0032619942958439455, 0.018020869428199974, 0.03565661906235532, 0.04404423740262024], [-0.04049318400044119, -0.0312129040472061, -0.010056708773644802, 0.006504763345682081, 0.020722283570327675, 0.03196954227620105, 0.045265657967503675], [-0.040448076657843494, -0.03063801943774828, -0.01037834153284538, 0.005615400753198119, 0.01701811961093446, 0.03615813048137045, 0.04252002694564242], [-0.03983106375650467, -0.029403829022379604, -0.011464494753512132, 0.004978117449898724, 0.017323888302346088, 0.03728798676898912, 0.042223307025971726], [-0.04023760856886276, -0.029545281531553187, -0.011216593830879551, 0.005562065872749175, 0.017739986828115374, 0.03716705901111149, 0.04227402278432395], [-0.03974286980051086, -0.03074449690064387, -0.010097439307676622, 0.006171166446843968, 0.019171796396476985, 0.03817625766828012, 0.04241117226025243], [-0.04290488341650504, -0.031152041358923018, -0.010433461488234243, 0.004230915596330135, 0.02206360246328338, 0.032278274909547586, 0.04113833544973154], [-0.04052304847644974, -0.03254806975900029, -0.011115012644597714, 0.006216028049778322, 0.0197293735786085, 0.03848908185315857, 0.043566643818384945], [-0.03818905193630956, -0.03157943048282803, -0.010328260263070365, 0.002121074287378539, 0.01981400024841461, 0.03431821382059766, 0.045139877351169304], [-0.047212249710389155, -0.030807926032517693, -0.011019400205746667, 0.0033675384228174887, 0.017126100234928363, 0.03469899918112112, 0.047282674671300366], [-0.038176484196268366, -0.02920049882137227, -0.015886647471496502, 0.0022769353909502313, 0.014966456608581648, 0.035092281234542645, 0.04534326655699835], [-0.04068007424832922, -0.029581810579412175, -0.011211275211008847, 0.004510096649237033, 0.017027829147198494, 0.0382737233502229, 0.042241034226654546], [-0.03998011846966181, -0.03010780256172889, -0.010464561662754895, 0.004578833260184085, 0.0175185539000772, 0.03719876343599917, 0.04218842225600579]], "g_best": [-0.04068007424832922, -0.029581810579412175, -0.011211275211008847, 0.004510096649237033, 0.017027829147198494, 0.0382737233502229, 0.042241034226654546], "r": [0.4199207141992074, 0.04859612719357198], "qde_particulas": 15, "condicao_voo": {"Velocidade": 20, "Viscosidade": 1.789e-05, "Temperatura": 288.2, "Densidade do Ar": 1.225, "Diametro da Helice": 2.4383999999999997, "Numero de pas": 2, "Rotacao do Motor": 1000.0},