{"eficiencia": [0.9576727614698415, 0.9577367326066165, 0.9577200806409261, 0.958794649944907, 0.9577470351656262, 0.9577288866953914, 0.9577181681409429, 0.9577489710416792, 0.9577686382212249, 0.957733197949845, 0.9577181681409429, 0.9577204803282114, 0.9576689966004855, 0.9577168758659823, 0.9576856648510415], "matriz_v": [[-3.1227284846283656e-06, -2.0282917471134926e-06, -5.254781860069293e-06, 1.3762544862358014e-06, 9.542402142594238e-07, 5.362592174982197e-06, -1.4990183727031048e-07], [2.6751946746165123e-05, 2.8057253351030658e-05, 1.740240376349198e-05, 3.139804945980664e-05, -5.675515742697981e-05, -2.0457435758553235e-05, -1.0601735231972942e-05], [2.0392347846739213e-06, 3.251070726887172e-05, -2.1438130725050583e-05, 1.7236205556809644e-05, -3.9767151142413635e-05, 2.5360006752176984e-05, -2.234847921202952e-06], [2.597159744021966e-07, 5.775937078004024e-06, -4.74981209302017e-06, 3.803241985444082e-06, -1.5252450054309062e-05, -2.222780066848697e-06, -1.0853281206274506e-06], [1.480232706797194e-05, 3.617904193772408e-05, -5.612779767671258e-06, 8.892483800452901e-07, -4.4759106369673184e-05, 2.001377693941644e-05, -4.7224498595610505e-06], [0.0, 0.0, 0.0, 0.0, 0.0, 0.0, 0.0], [7.17299052353169e-07, 5.938070378523391e-06, -5.908383212232295e-06, 2.8766699979080518e-06, -1.4808807070875616e-05, -7.521449912877903e-07, -4.557411345661133e-07], [2.900543563947182e-06, 6.409236710028944e-06, 3.9084916483624255e-05, 0.000112041743050878, -0.00010216257693960735, -1.7211281935435957e-05, -3.789982911448148e-05], [2.783928031299606e-06, 3.367412667458703e-05, -7.777366374848326e-05, -9.250970285463019e-05, -3.647245721844045e-06, 4.698179406348923e-06, 3.340373111199762e-05], [-2.0788795249542618e-06, 2.6540306522610845e-06, 2.375341732291736e-06, 1.2921834516686334e-07, -3.631938642225034e-06, -3.2737333561503026e-06, -6.297552278801579e-07], [8.441078117200523e-07, 5.955176419374978e-06, -5.821880823221277e-06, 2.895977169961842e-06, -1.480126265654246e-05, -8.270940556623135e-07, -1.7962293326771314e-07], [1.054402694393455e-06, 5.538839451728956e-06, -5.421781868002899e-06, 2.872855120420564e-06, -1.450303916163633e-05, -8.637192887271519e-07, -2.6940453863829826e-07], [-6.263794260038924e-05, -0.00018786999022639455, -6.359690102305142e-05, 0.00011076409434975485, -0.00024344276596857984, 5.3874997120112464e-05, 0.00020042559031581138], [4.835168983556729e-05, -4.272585968786928e-05, 7.269056759233877e-05, -4.960145060982292e-05, 3.904765419188779e-05, 2.663688873133429e-06, -6.2553343513692435e-06], [-8.320129910234451e-07, -7.2064428797747424e-06, 6.1824800430894156e-06, -5.046935644634472e-06, 2.053081839882429e-05, 3.4803197870839023e-06, 1.7094960329094511e-06]], "matriz_pso": [[-0.04523945164473305, -0.02956732341417867, -0.013986568413317106, 0.002951514634321353, 0.022034502152669423, 0.038066440317795075, 0.048596461072051914], [-0.045419041828603665, -0.029713439444545537, -0.014166341440123595, 0.002804394323218183, 0.02227379805939018, 0.038217980940202144, 0.048649441198989646], [-0.045272985696221145, -0.029677760332107464, -0.013973087666265609, 0.0029157509340378873, 0.02214979806769642, 0.03803731683171468, 0.048600627709279275], [-0.04527272949676844, -0.02960089018042259, -0.01401595912952149, 0.0029567742845902365, 0.02208817042692949, 0.03811809312926139, 0.048596357732272645], [-0.045297794088784184, -0.029661175045069876, -0.014019762468690758, 0.0029610357090432, 0.02213964198167355, 0.0380738666166384, 0.04860476543798065], [-0.045267349443930405, -0.029585722904693242, -0.014033171933058404, 0.0029635991872809363, 0.022043860696124865, 0.038114399070212586, 0.048595179829238944], [-0.04527306011856987, -0.029603954860431766, -0.014014698464245062, 0.0029568408240411505, 0.02209407019547173, 0.03811842595022257, 0.04859437252190687], [-0.045285308785050715, -0.029613985522786018, -0.014312183980582852, 0.002212224449021009, 0.022695091471900995, 0.0382240658658369, 0.04884933891993057], [-0.045284517076420956, -0.029799088211801675, -0.013518825288740136, 0.003600934351330265, 0.022026266006572405, 0.03807532144711667, 0.048365255516275935], [-0.04526481387891409, -0.02958887216350627, -0.014036111143966381, 0.002963639097596407, 0.022047869462529457, 0.03811820233975616, 0.04859583119665772], [-0.04527205004581192, -0.029603818605287026, -0.014014009444755567, 0.002956994611907409, 0.022094130289170538, 0.03811782895669829, 0.04859657189263267], [-0.045270374979095716, -0.029607134863811016, -0.014010822527249342, 0.002956810437308844, 0.022096505735705183, 0.038117537224878234, 0.04859585675312485], [-0.04523870765012128, -0.029497814184231853, -0.014007208487422351, 0.0029157510281457096, 0.022144840172967833, 0.038088664984182764, 0.04850405393372339], [-0.045110877525925415, -0.029732534086060705, -0.013789707688286195, 0.0027970201987898066, 0.022192563498347938, 0.03812636975931044, 0.04857639142074635], [-0.04525991975941299, -0.029521371028380143, -0.014088380056910687, 0.0030086671610069417, 0.02186052521310651, 0.03808332061552906, 0.04857991442311519]], "p_best": [[-0.04520616473519705, -0.029544763153215452, -0.013931704462763152, 0.002937553234872742, 0.02202152485272916, 0.03800910754004687, 0.04859786392180837], [-0.045611295228930974, -0.0298817700860326, -0.014328013481793167, 0.002598740046577192, 0.022584147012669756, 0.03835181787957758, 0.048719417477571025], [-0.045281405278500164, -0.02981352230632181, -0.01388399009198686, 0.002844439361284369, 0.022311196130308304, 0.03792770088299735, 0.04860934284731462], [-0.04527272949676844, -0.02960089018042259, -0.01401595912952149, 0.0029567742845902365, 0.02208817042692949, 0.03811809312926139, 0.048596357732272645], [-0.04539184837788753, -0.029894737879262234, -0.01397750361625171, 0.002952788502490575, 0.022437205404962524, 0.03794892896474808, 0.04863432199179428], [-0.045267349443930405, -0.029585722904693242, -0.014033171933058404, 0.0029635991872809363, 0.022043860696124865, 0.038114399070212586, 0.048595179829238944], [-0.04528074377688935, -0.029630982275517356, -0.01398797594184854, 0.0029454427932634076, 0.02216900674146231, 0.03812555974994948, 0.04859434482024516], [-0.04530836050988548, -0.029653664990160884, -0.01465928343528221, 0.0012649715018646732, 0.02352541686061091, 0.03836390530623697, 0.04916975687369791], [-0.045306574663444434, -0.030071198620566487, -0.012869714971525822, 0.004397465633499585, 0.022016756310451437, 0.0380283845340586, 0.04807781649173014], [-0.0452577570159462, -0.029597570967720786, -0.01404432305719464, 0.0029638987773870106, 0.02205870969985479, 0.03812864474397114, 0.048597556226564954], [-0.04527844702330706, -0.029630672451804833, -0.013986409215126831, 0.002945792483748532, 0.022169143385498025, 0.038124202276436106, 0.04859934585858964], [-0.045274638173448775, -0.029638213125072928, -0.013979162643886094, 0.002945373698402934, 0.022174544793757956, 0.0381235389221406, 0.04859771973887351], [-0.04517606970752089, -0.02930994419400546, -0.013943611586399299, 0.002804986933795955, 0.022388282938936414, 0.03803478998706265, 0.048303628343407574], [-0.044950646501249095, -0.029889157626171035, -0.013534341771000307, 0.0026219798950634175, 0.02236127077975059, 0.03814109260847193, 0.04855822157038669], [-0.04525106212406515, -0.029444651020552732, -0.014154198925555266, 0.003062396989803263, 0.021641953502411135, 0.0380462690263107, 0.04856171507688937]], "g_best": [-0.04527272949676844, -0.02960089018042259, -0.01401595912952149, 0.0029567742845902365, 0.02208817042692949, 0.03811809312926139, 0.048596357732272645], "r": [0.8959691751506583, 0.19353516769960954], "qde_particulas": 15, "condicao_voo": {"Velocidade": 20, "Viscosidade": 1.789e-05, "Temperatura": 288.2, "Densidade do Ar": 1.225, "Diametro da Helice": 2.4383999999999997, "Numero de pas": 2, "Rotacao do Motor": 1000.0},