{"eficiencia": [0.9654267872615907, 0.9653775134135936, 0.9654227331803089, 0.965437421659556, 0.9678553063678359, 0.9654682986941515, 0.9654429339268221, 0.9678422331902682, 0.9654484622344508, 0.9654165607055752, 0.9654452121644281, 0.9654138686149011, 0.9654645855897547, 0.9654521987940633, 0.9654250476094455], "matriz_v": [[-3.1596088850643315e-05, 7.762787141619671e-06, 5.337720607627173e-05, 4.025974518098114e-05, 2.581458617694125e-05, -4.363929714698553e-05, 4.8260769222095744e-05], [-6.10877603668117e-05, 5.75609160412059e-05, 0.00013439131262240852, 0.00012142442522454207, 8.318514887403332e-05, -3.270880083415882e-07, 3.873658632495055e-05], [-9.414370612199029e-05, -3.772014813624688e-05, 8.964715778711404e-05, 2.5545000146745602e-06, 3.7184215450720824e-05, -1.272165785997415e-07, 3.7275676172177547e-05], [-5.551488837542563e-05, -1.720873387357549e-05, 3.815710313404588e-05, 1.4690786633539011e-05, 4.247300994166304e-05, -8.736919678871755e-05, 4.634758268782393e-05], [0.0, 0.0, 0.0, 0.0, 0.0, 0.0, 0.0], [-0.00015160393725241266, -5.016703977744392e-05, 0.00012085760276647783, 0.00014504476224201093, 3.9371356625842856e-05, -0.00014013474037428823, 4.4704322700134285e-05], [-9.033568055844953e-05, -4.636289264569734e-05, 8.240199343483007e-05, -7.595148455091236e-07, -1.0034780127489815e-05, -4.7649611257187015e-05, 3.7512972809516227e-05], [6.466022907706272e-08, -1.3321634978766475e-06, -1.5106390085546707e-06, -1.1906132414174375e-06, -1.159462869650221e-06, 1.7965481040184898e-07, 1.518012068460595e-07], [5.022875927876709e-05, 0.0002187073068772884, -7.006549561714407e-05, -6.301294769007804e-05, 0.00018333636994696985, -0.00019946695491058206, -7.581428814460535e-05], [-6.38979102426833e-05, -9.225508405008638e-06, 6.470622811457144e-05, -6.358581940814747e-07, 4.873136676031346e-05, -2.1723126893366917e-05, 3.772351696914718e-05], [-4.6455225801612395e-05, 4.211095459642251e-05, 0.00010309836711710379, 5.801209389146906e-05, -1.4398800054474283e-05, -7.160989000528701e-05, 3.669920795604909e-05], [-0.00010742492848828241, -5.573572458197765e-05, 0.00011178400046573051, -3.594695030851116e-05, -1.2488349634972788e-05, -6.286077505073006e-05, 0.00013743475273993123], [4.543347814054487e-05, -5.83246630198684e-05, 3.301721936961488e-05, 0.00013034712567427324, 3.3521088228774336e-05, -4.619415130712709e-05, -0.00016747055922628883], [-0.00045625189671309366, 5.777624030828308e-06, 0.0003954722261431717, -3.124537740065945e-05, 0.00023268375261021094, 2.7359657629120017e-05, -0.00044710502441885593], [-6.385895429944445e-05, -1.295654317505485e-05, 3.934411187350397e-05, 2.7366554628517424e-05, 3.445166399511488e-06, -9.07714150354122e-06, 5.4346292677802334e-05]], "matriz_pso": [[-0.04568477630749372, -0.024234980624759737, -0.011633932758312433, 0.00611118430240233, 0.022207410257426684, 0.031346925057489254, 0.04488032804267147], [-0.04551241228067851, -0.024542858214724753, -0.012119755554090034, 0.005619601106077166, 0.021858955553468305, 0.03106047081572355, 0.04495761614875133], [-0.04530613781605754, -0.02394824872215862, -0.011840512167156862, 0.006361431934303145, 0.022146047977274305, 0.031059237449228394, 0.044966717944927], [-0.045547184792791885, -0.02407624276255754, -0.01151920681313816, 0.00628569750239277, 0.02211304079848853, 0.03160365304432478, 0.044910103685204976], [-0.04589365736949954, -0.02418365277937106, -0.011281050218509827, 0.006377357922083215, 0.02237807997283268, 0.03105841803940664, 0.04519938161673002], [-0.04494753542446906, -0.023870569226142908, -0.012035296844726609, 0.005472195612649179, 0.02213238068116732, 0.031932956926602044, 0.04492037378745979], [-0.04532992865938866, -0.023894330620408334, -0.011795274918339467, 0.006382110764107876, 0.022440700993578044, 0.03135577191242913, 0.04496525160152425], [-0.04589412402984245, -0.024174793814730835, -0.01127094612232405, 0.006385280185929438, 0.022385802461149237, 0.03105719989351726, 0.04519841577204514], [-0.04620713437624486, -0.025548640692764725, -0.010843768845174313, 0.006770636857311695, 0.021233844631299063, 0.03230333442695017, 0.04567253987609105], [-0.04550108791564673, -0.024126968728757716, -0.011678586129498524, 0.006381269050615525, 0.02207870165329659, 0.031191881847331578, 0.04496760994818811], [-0.045603723638616374, -0.024446411050101927, -0.011924450450909754, 0.006015365262014855, 0.022467936491985873, 0.031505303879265076, 0.04497031522391605], [-0.04522323972882419, -0.023835817193149058, -0.011978671961545563, 0.006601695698746792, 0.022456017282319655, 0.031450719650341664, 0.04434167862380921], [-0.04617720309712704, -0.023819639233716716, -0.011487122277622278, 0.005563853306778518, 0.022168873006723485, 0.03134672459546752, 0.04624456873527681], [-0.04615706503803861, -0.02418031741070807, -0.01105273237210106, 0.006359318932553626, 0.02251241489792359, 0.031074213304334707, 0.04494125565933606], [-0.04549321872022644, -0.024102400574892238, -0.011527772294384942, 0.006205765574763368, 0.022356479666418363, 0.03111534617726703, 0.04485858569141837]], "p_best": [[-0.044894002754866054, -0.024429289509132583, -0.012969856229211018, 0.005103527539909512, 0.02156130303250048, 0.032439137100064394, 0.04367246976151506], [-0.04406686315319096, -0.025904867734147963, -0.015299856763883984, 0.0027464070226832426, 0.019890588407345748, 0.031068243472393776, 0.04404093733300614], [-0.043078436410548336, -0.023055665671351807, -0.013961827443636055, 0.006301045512444559, 0.021266251212599643, 0.031062344799733726, 0.04408452511947756], [-0.04423347765459319, -0.02366897974540399, -0.01242221707129786, 0.005938153444509611, 0.021108103615538863, 0.03367099806172625, 0.04381325835866584], [-0.04589365736949954, -0.02418365277937106, -0.011281050218509827, 0.006377357922083215, 0.02237807997283268, 0.03105841803940664, 0.04519938161673002], [-0.04136014171160866, -0.022683459385884112, -0.014895155815262387, 0.002040083856345884, 0.02120076008047213, 0.03524893672940681, 0.04386248304383698], [-0.04319251156013472, -0.022797345291526404, -0.013744993861469679, 0.006400130952264232, 0.022678132994515834, 0.03248320996338105, 0.04407753261169281], [-0.045895901724711155, -0.024141224585644754, -0.011232643816758304, 0.006415301160714628, 0.02241506831480752, 0.03105257798461786, 0.045194767067865745], [-0.04739574283411008, -0.030724215882433733, -0.009185735925102372, 0.008261813362798664, 0.016895292241917426, 0.03702362788483109, 0.04746660819880279], [-0.044013299083147155, -0.023912145871236776, -0.013185197018551816, 0.0063960895145097115, 0.0209440894809124, 0.03169769120803445, 0.04408922920196317], [-0.04450437983890072, -0.025442712512748458, -0.01436403492474329, 0.004642796161457069, 0.022808645968735327, 0.03319976347462258, 0.04410176221864536], [-0.04268123451959202, -0.02251693800727031, -0.014623826261310192, 0.007452311437813428, 0.022751530160694765, 0.03293819951077976, 0.041089548393789616], [-0.04725232542762543, -0.022439422091497897, -0.012268471878948424, 0.00247930403798191, 0.021375626853572458, 0.0324398847469964, 0.05020759128496265], [-0.04615706503803861, -0.02418031741070807, -0.01105273237210106, 0.006359318932553626, 0.02251241489792359, 0.031074213304334707, 0.04494125565933606], [-0.043974368475549606, -0.023794215589774504, -0.012463578257083132, 0.005554917075408909, 0.022274549424226693, 0.03133127004608364, 0.04356596082441985]], "g_best": [-0.04589365736949954, -0.02418365277937106, -0.011281050218509827, 0.006377357922083215, 0.02237807997283268, 0.03105841803940664, 0.04519938161673002], "r": [0.3682547835256029, 0.22822952605833036], "qde_particulas": 15, "condicao_voo": {"Velocidade": 20, "Viscosidade": 1.789e-05, "Temperatura": 288.2, "Densidade do Ar": 1.225, "Diametro da Helice": 2.4383999999999997, "Numero de pas": 2, "Rotacao do Motor": 1000.0}, "condicoes_geometricas": {"raio": [0.254, 0.30479999999999996, 0.4572, 0.6095999999999999, 0.762, 0.9144, 1.0668, 1.2191999999999998],