{"eficiencia": [0.9676995931117143, 0.9679301213735748, 0.967930214928506, 0.9679201584652535, 0.9679274698390021, 0.9679270415508024, 0.9672347376513558, 0.9679386349274843, 0.9679189670547506, 0.9679368931610183, 0.9677101379320652, 0.9679284297791443, 0.9679231092672866, 0.9679289730639876, 0.9679176495232837], "matriz_v": [[6.330792512790192e-05, -2.5530989616705275e-05, 5.2722551929071336e-05, 0.00014889390006789444, 0.00016340949537346262, 0.00012700545041484726, -0.00010409108137232216], [-3.963275384361996e-05, -9.242910972124375e-05, -1.6227646161583474e-05, 7.326144617776276e-05, 0.00019863068841055226, 6.071968312053809e-05, -8.410807596495091e-05], [-5.6274773438866674e-05, 3.8351899419375775e-05, 9.52187531829898e-05, 9.560542478588976e-06, 0.00014500940335055492, 0.00012483587340439672, -9.987582249771685e-05], [-5.674649964317338e-06, -3.84789917179181e-05, 9.565505239443707e-05, -2.0346098137181647e-05, 8.377111103994957e-05, 0.0001519799955913354, -7.515390471042263e-05], [0.0, 0.0, 0.0, 0.0, 0.0, 0.0, 0.0], [2.5428501261740494e-05, -0.0001076732990283537, 0.0001295218663973026, 6.331283535283166e-05, 7.846077295216448e-05, -2.4535021565013652e-06, -2.0852178689484412e-05], [0.000364203971046722, 0.0002528745352343907, -1.2912194142813406e-05, 0.00024017113604678125, 1.0680839613896549e-05, 0.00019488132931911556, -0.0003661921941748702], [6.082831419018513e-05, -6.84610772094036e-05, -1.9915165311669523e-05, -1.8863305094297728e-05, 0.00010543923392454725, 9.776877707738638e-06, -6.512381095172035e-05], [3.893544801192612e-05, 1.229933874605671e-05, 6.476469337346665e-05, 5.538870449526064e-05, 0.00013481176485351614, 0.00015762240932738026, -0.0001260263552072619], [-1.3811675408330044e-06, -8.919015390823355e-06, 0.00011255962492259951, 5.060524650277553e-06, 5.221905978215256e-05, 0.00011929177750453446, -7.218083293783974e-05], [-6.148025429735116e-05, -1.4960484688971303e-05, 6.745510402167305e-05, 6.858267742990219e-05, 7.936612001350967e-05, 9.481941252104121e-05, -8.8776792152489e-05], [5.68930985741111e-05, -4.510069678089531e-05, -1.7762418329450013e-05, 1.2709937370631097e-06, 8.069739377164035e-05, 9.95118033661859e-05, -9.435812011786202e-05], [3.0850037662055174e-05, 4.049355423459933e-05, 0.00013004645572137677, -7.636100907505719e-06, 0.0001944311353264152, 6.267544689869686e-05, -5.857167541605504e-05], [-2.4624323319928336e-05, -4.2539139489615605e-05, 9.173456595106989e-05, 5.75342370514294e-05, 7.240365350816945e-05, 0.00012908024358069102, -0.00010698005384279904], [6.0065520125305715e-05, 3.226785482875341e-05, -2.4593423208100322e-05, -1.5172137973068613e-05, 0.00019573442555328958, 0.00014727711704646407, -0.00011105156739422907]], "matriz_pso": [[-0.03944771881045284, -0.02586242199036015, -0.013088592998371965, 0.00623388031572447, 0.01872530607837186, 0.03704420774734549, 0.04234929706797531], [-0.03930044210676801, -0.02564679449775306, -0.012843755719430753, 0.006179498577024859, 0.018593101197279208, 0.03729782635631369, 0.04230483472548804], [-0.039177753796037426, -0.026032615745406065, -0.013184948940478133, 0.006397904451538451, 0.018735864942184658, 0.03713932731701641, 0.04232561727910007], [-0.03940211570127284, -0.025809020649304324, -0.013155988358042115, 0.006429650082155428, 0.018903642806286886, 0.037037036030100515, 0.04228778499690776], [-0.03936665982950807, -0.025984440256819705, -0.012921739540535252, 0.006427739193851901, 0.01894629441191951, 0.037157797574652165, 0.042235236734722674], [-0.039413169610126, -0.02578750133915913, -0.013158640391645474, 0.006311937399155097, 0.018802786412782765, 0.037162285131581686, 0.04227337623206352], [-0.03961060171443487, -0.0260131301867205, -0.013053063192688856, 0.006184469559201254, 0.018807982096580824, 0.037007464757810686, 0.042491179259413994], [-0.03959490534696707, -0.02570906271504353, -0.012822271171379985, 0.006445397332786214, 0.018863288436852563, 0.03745957118670423, 0.04224721973231758], [-0.03951699798311438, -0.025939787689424065, -0.0130764378730124, 0.00623461381601975, 0.01877220021721414, 0.03702250538805987, 0.04241879441991015], [-0.03938876808056796, -0.025881428147717364, -0.013229094837222826, 0.006399892090601849, 0.019043364630579037, 0.03713748723626497, 0.04225137808083768], [-0.0392381597752523, -0.025867640200287527, -0.013082316501250987, 0.006192836699015369, 0.018933097775043973, 0.03720061566369391, 0.04231814418988012], [-0.039583247874325746, -0.025778264258822722, -0.012828648354105732, 0.006385752560891087, 0.018936582343163682, 0.03719374523384871, 0.042333821888982215], [-0.03950101605567279, -0.026043768471519887, -0.01329689187894778, 0.0064418942116521724, 0.01857168275424942, 0.03734676132267078, 0.042195726023379], [-0.03927435075162858, -0.025738804515441256, -0.01317621951988135, 0.006223429969191134, 0.019017977705682063, 0.037121385468581576, 0.04235798421008538], [-0.03958465956056906, -0.026002277620481615, -0.012819906762406989, 0.006431602922639552, 0.018601357794129483, 0.03705107049486671, 0.04238164458613744]], "p_best": [[-0.03954442666404348, -0.025909319432279428, -0.013073598268795145, 0.0060095258846477855, 0.018486993615574796, 0.036803052731984226, 0.04252678349466086], [-0.03930044210676801, -0.02564679449775306, -0.012843755719430753, 0.006179498577024859, 0.018593101197279208, 0.03729782635631369, 0.04230483472548804], [-0.039177753796037426, -0.026032615745406065, -0.013184948940478133, 0.006397904451538451, 0.018735864942184658, 0.03713932731701641, 0.04232561727910007], [-0.03940211570127284, -0.025809020649304324, -0.013155988358042115, 0.006429650082155428, 0.018903642806286886, 0.037037036030100515, 0.04228778499690776], [-0.03936665982950807, -0.025984440256819705, -0.012921739540535252, 0.006427739193851901, 0.01894629441191951, 0.037157797574652165, 0.042235236734722674], [-0.039413169610126, -0.02578750133915913, -0.013158640391645474, 0.006311937399155097, 0.018802786412782765, 0.037162285131581686, 0.04227337623206352], [-0.040725133293269114, -0.027001773963547734, -0.012816049587628617, 0.005651356878841906, 0.019086296061631827, 0.03653670991600581, 0.043555260025378954], [-0.03959490534696707, -0.02570906271504353, -0.012822271171379985, 0.006445397332786214, 0.018863288436852563, 0.03745957118670423, 0.04224721973231758], [-0.03951699798311438, -0.025939787689424065, -0.0130764378730124, 0.00623461381601975, 0.01877220021721414, 0.03702250538805987, 0.04241879441991015], [-0.03938876808056796, -0.025881428147717364, -0.013229094837222826, 0.006399892090601849, 0.019043364630579037, 0.03713748723626497, 0.04225137808083768], [-0.03917667952095495, -0.025852679715598556, -0.01314977160527266, 0.006124254021585467, 0.018853731655030462, 0.03710579625117287, 0.04240692098203261], [-0.039583247874325746, -0.025778264258822722, -0.012828648354105732, 0.006385752560891087, 0.018936582343163682, 0.03719374523384871, 0.042333821888982215], [-0.03950101605567279, -0.026043768471519887, -0.01329689187894778, 0.0064418942116521724, 0.01857168275424942, 0.03734676132267078, 0.042195726023379], [-0.03927435075162858, -0.025738804515441256, -0.01317621951988135, 0.006223429969191134, 0.019017977705682063, 0.037121385468581576, 0.04235798421008538], [-0.03958465956056906, -0.026002277620481615, -0.012819906762406989, 0.006431602922639552, 0.018601357794129483, 0.03705107049486671, 0.04238164458613744]], "g_best": [-0.03959490534696707, -0.02570906271504353, -0.012822271171379985, 0.006445397332786214, 0.018863288436852563, 0.03745957118670423, 0.04224721973231758], "r": [0.007079406335123051, 0.2524833053052069], "qde_particulas": 15, "condicao_voo": {"Velocidade": 20, "Viscosidade": 1.789e-05, "Temperatura": 288.2, "Densidade do Ar": 1.225, "Diametro da Helice": 2.4383999999999997, "Numero de pas": 2, "Rotacao do Motor": 1000.0}, "condicoes_geometricas": {"raio": [0.254, 0.30479999999999996, 0.4572, 0.6095999999999999, 0.762, 0.9144, 1.0668, 1.2191999999999998],