{"eficiencia": [0.9677369430134162, 0.9677438061266425, 0.9677025778905967, 0.965301030553684, 0.9677384634238684, 0.9653602998171816, 0.9677648939794132, 0.9677369430134162, 0.9677158722480189, 0.9677258682603344, 0.9677531946474713, 0.9670800372650054, 0.9677493888480239, 0.9677361090882052, 0.9647490992197408], "matriz_v": [[4.463056707403689e-06, 6.398303282372031e-06, 2.7157381065489938e-05, -7.65249822722854e-05, 3.750522725607214e-06, -5.9977158141200214e-05, -1.4657279983668471e-05], [2.5803499074910694e-06, -6.5715016951033435e-06, -7.015208527528354e-06, -5.021252307156543e-06, -4.670717630586128e-06, -1.125140914543657e-05, 4.560103072870162e-06], [2.5225668871066068e-05, 0.00015525496290625957, 2.827751451706589e-05, 3.1056925639910595e-05, 2.3242106598509512e-05, 3.898189119507162e-05, 5.4607367266763945e-06], [2.0315915789464903e-05, -3.019350975721108e-05, -0.0001487163375016602, 3.295065087334959e-05, -3.9948840419004724e-05, 0.00017391755184801216, -3.180097623736597e-05], [6.116896089698002e-07, -2.638610192726019e-06, -1.9436328278735164e-06, -3.6782009856310864e-06, 2.851198563184721e-06, -7.070359730088516e-06, -3.697171940711774e-07], [0.0002571294811441465, 0.00017576195710350105, -0.00039953636535434425, 0.0004865180465352776, 5.835931468262956e-05, 1.3324518975214116e-05, 0.00018410979848142205], [0.00010238859865306139, -5.2321016261362444e-06, -5.475066136039359e-05, 6.154320125047338e-05, -7.204358936829737e-05, -1.9841873923313316e-05, 4.369354508661807e-05], [0.0, 0.0, 0.0, 0.0, 0.0, 0.0, 0.0], [5.810155444935006e-05, 8.622837247042081e-05, -3.263907920364353e-05, 4.496297044335478e-05, -7.87083549468701e-05, -1.6052545852545338e-06, 3.4243535977952495e-06], [8.784156964527416e-05, 7.671323732939405e-05, 3.1625162598901245e-06, 7.667941201812401e-05, -5.180586323129941e-05, -1.76947932799463e-05, 3.9629236545441935e-05], [6.173154384179049e-05, 7.1049372006453694e-06, -3.291868629664045e-05, 4.775947296148771e-05, -2.99006829536071e-05, -4.641979423058462e-06, 1.4035267478920872e-05], [0.0001961204700246373, -4.8329090534981846e-05, -7.253381788242816e-05, 0.0001453714142365191, -5.3041365444727684e-05, -4.777031202036779e-05, 8.436272579879005e-05], [6.392349313138167e-05, 6.446542226073006e-05, -1.8706184564884867e-05, 3.354844068731688e-05, -6.593837382200653e-05, -1.537039113261944e-05, 1.2117299597547257e-05], [-4.486833944078073e-06, -2.5332214983832252e-06, 3.261649703228305e-06, -4.304160610237576e-06, 1.620297629154319e-06, 1.338694060854169e-07, -2.7543179769752056e-06], [7.858493382880089e-05, 2.815759829491408e-05, -4.07629726510668e-05, 0.0001294401208774608, -0.00010864817700265465, -1.4750191280942995e-05, -3.379355699979189e-05]], "matriz_pso": [[-0.04260227707008437, -0.022400794002772974, -0.01577179215194646, 0.0053330790597938115, 0.014692895824916886, 0.03746117918936439, 0.04405501616719893], [-0.04262486129941334, -0.02234278268689184, -0.015709317686058964, 0.005375236703822142, 0.01473410885150963, 0.03755861047003563, 0.04401448860208966], [-0.042823699636382107, -0.023764133528253094, -0.01601940949649532, 0.005058276116430497, 0.014488874806491431, 0.037117219194446424, 0.04400666535121945], [-0.04278097491181515, -0.022134867444314102, -0.014462094163627563, 0.005041005061592415, 0.015044619113712111, 0.035928787228475714, 0.0443345294898823], [-0.04260754297449105, -0.022377392058874096, -0.01575395682834912, 0.005363406414081274, 0.014667896568090503, 0.03752180987905618, 0.04405787670692183], [-0.042346649628653, -0.022225968709782253, -0.016168081774190168, 0.005814480242211723, 0.014750986987623973, 0.037472814142005366, 0.044237572357147016], [-0.04350337357898622, -0.02235457038582661, -0.015289154452940075, 0.004789332249150702, 0.015327117832062809, 0.03763422016417313, 0.04367003689641357], [-0.04260215759615397, -0.022400622722302036, -0.015771065164512463, 0.005331030529539419, 0.014692996223174111, 0.03745957363478082, 0.04405462379992053], [-0.04291554543033379, -0.022865720827670515, -0.015595016684601825, 0.005088509515100504, 0.015117532900762636, 0.03746823204783957, 0.044036153540946366], [-0.04337509018567046, -0.023075635523720696, -0.015798892712881762, 0.004656315602968605, 0.015148844747153098, 0.037615273046060445, 0.04370591957372542], [-0.04314551752152307, -0.022463149728995338, -0.015481308787712852, 0.004910651082546111, 0.014956174095612753, 0.03750042570350346, 0.04393109136297271], [-0.042867033004515866, -0.022335350786681224, -0.015673102787661, 0.005134695525984113, 0.014764632646080885, 0.03752409100920603, 0.043940685636796845], [-0.04316481153127466, -0.02296804610680108, -0.015606413599046642, 0.00503573752268162, 0.01527338473681932, 0.037594863745875735, 0.04394796732074199], [-0.04260853131564976, -0.022404221503490602, -0.01576643158793813, 0.005324916109221284, 0.014695297677633706, 0.037459763665227984, 0.04405071090142649], [-0.04329385559886244, -0.0226484680986239, -0.01541227255065196, 0.004191711106098194, 0.015649309784463744, 0.0375894029754612, 0.044352071396730135]], "p_best": [[-0.04261269445091353, -0.022415728615929807, -0.015835180835631586, 0.005511697894921264, 0.014684141765363085, 0.037601173362597634, 0.0440892281098013], [-0.04268453747287327, -0.0221907518567523, -0.015547016300250679, 0.005491431105973399, 0.014842172130339145, 0.03781892575329363, 0.04390899439104124], [-0.043406832087684526, -0.027353101855438385, -0.016673089636304487, 0.004340344897150578, 0.013951596117110703, 0.036216090114146664, 0.043880431390943504], [-0.04325099027365355, -0.021436337253025513, -0.01102150508141013, 0.004278682475976929, 0.015968848248735155, 0.03190516308898661, 0.04507025280657238], [-0.04262169825177791, -0.02231633107963026, -0.015708988094614754, 0.005448505439020556, 0.014601922955074427, 0.037685395902181715, 0.04406642690232201], [-0.042603779109797145, -0.022401730666885753, -0.015768545408835825, 0.005327962195676446, 0.014692627672941343, 0.037459489623030154, 0.044053462558665595], [-0.045872188672840576, -0.022233522763713792, -0.014022468498991776, 0.003365497396050286, 0.016993884961742686, 0.03809327255331421, 0.0426591632643641], [-0.04260215759615397, -0.022400622722302036, -0.015771065164512463, 0.005331030529539419, 0.014692996223174111, 0.03745957363478082, 0.04405462379992053], [-0.04371946444892177, -0.02405881504395846, -0.015143407828871785, 0.0044663818041606445, 0.01620657680093437, 0.037490443066167514, 0.043988772657427296], [-0.04540687028265359, -0.02485001751877889, -0.01587204200802142, 0.0028827167345807556, 0.016347117419110557, 0.038024554479023635, 0.0427892933266137], [-0.044573722659142445, -0.02262750029370786, -0.014719693049584547, 0.003805696444256275, 0.015647929330357486, 0.03760780426677264, 0.04360638996825089], [-0.043800595715590765, -0.022105297256208398, -0.01532783097073192, 0.004442705892566707, 0.015017117559429803, 0.03775148480556699, 0.04353910650275703], [-0.044643725784029045, -0.024459496326766472, -0.01517363333085834, 0.004259571213576022, 0.016798913429459446, 0.03795046865414402, 0.04366762478718804], [-0.043347928732044495, -0.022821705939274087, -0.015228903445239748, 0.0046155993710743255, 0.014962283116678621, 0.03748180863980009, 0.043596786615407765], [-0.04511195959676539, -0.02329992075463747, -0.014469198737529757, 0.0011970497763297136, 0.018162946443834198, 0.03793065488723181, 0.04513390202199588]], "g_best": [-0.04260215759615397, -0.022400622722302036, -0.015771065164512463, 0.005331030529539419, 0.014692996223174111, 0.03745957363478082, 0.04405462379992053], "r": [0.7100524224622071, 0.2875947620163809], "qde_particulas": 15, "condicao_voo": {"Velocidade": 20, "Viscosidade": 1.789e-05, "Temperatura": 288.2, "Densidade do Ar": 1.225, "Diametro da Helice": 2.4383999999999997, "Numero de pas": 2, "Rotacao do Motor": 1000.0},