{"eficiencia": [0.968693780833176, 0.9694526787768132, 0.9694398011155356, 0.9690916050820987, 0.9689787612205003, 0.9693915895768073, 0.9693632139820155, 0.9695009350990901, 0.9688742402290026, 0.9722506538542649, 0.9695199562101867, 0.9692161014664299, 0.9694068273659844, 0.9694459177278424, 0.9687739002016665], "matriz_v": [[-0.001781843244489317, 0.0041079138082193625, -0.00011925496325868338, -0.0017589192270323446, 0.0027790271345036694, -0.0002959774375985995, -0.00018743744601419724], [-0.0047893540187552135, -7.217131542624003e-05, 0.0011379179897910918, -0.00022340281618130889, 0.007088000255295047, 0.0033004942428591327, 0.0016687075793348385], [-0.006678392255385879, 0.0031520618208885566, 0.004509767368306727, 0.0033260750835637245, 0.005485852362683161, 0.008108048812129004, 0.0008655366302545782], [-0.0038645240727534073, 0.002132892302782275, 0.0034777695024853002, 0.0023566861883783114, 0.003016144156400499, 0.0056594472794222256, 0.0007586946652185378], [-0.0040506362122523926, 0.0029926427767349066, 0.0017349036274375733, 0.0022189505156762915, 0.004336881863097969, 0.0024409597069298635, 0.0001610683216175522], [-0.004402980504420614, 0.0011780523412545183, -0.0014845381074461727, 0.0015623231905328866, 0.003754942862102172, 0.00432752641117424, 0.001297046016502231], [-0.00857281713800501, 0.00402749872454666, -0.001722087828016037, 0.0012403931630951732, 0.003999405733304467, 0.001367068631043209, 0.0016828851661639323], [-0.01190934183208717, 0.005665669409382613, 0.007560373568765508, 0.005315379122607929, 0.010224323399652537, 0.012958757520909647, 0.00215699198463496], [0.00420014808964548, -0.0008176747753345925, 0.00010022107546760846, -9.387517735858593e-05, -0.00398145137493641, -0.0007785805593345059, -0.0002068405995774939], [0.0, 0.0, 0.0, 0.0, 0.0, 0.0, 0.0], [-0.006643518578201564, 0.0031766556919254974, 0.004379950041533378, 0.003296192806524047, 0.005530967557800777, 0.00809245364253161, 0.0010988546825504754], [0.0021679759672029496, -0.0014870919795230662, -0.0010817887986756011, 0.0012455062780119097, -0.0018900770642437336, -0.0010827692432408302, -0.001056700692609692], [-0.008989370310380388, -0.0003815869209669669, -0.001140328085104348, 0.001590207044022168, 0.007528811619858414, 0.004049211068405621, 0.0013910026174983549], [-0.013212546742878743, 0.0026782789488221043, 0.0016159094636534928, -0.0032336236619790555, 0.006467427821943381, 0.005169869489059901, 0.0023888139211996604], [-0.02747405329020019, 0.009601088613639399, 0.013581806160617181, 0.008534015301778445, 0.023189805438847036, 0.02566860919411066, 0.0047964274442732525]], "matriz_pso": [[-0.14002974976020277, 0.015610111325298161, 0.040256931159977825, 0.030972569027395095, 0.1010287264046173, 0.12122931485025695, 0.06418558579067606], [-0.1459466763305827, 0.015261958689372862, 0.04135626097157492, 0.03151032638979369, 0.10808042509865495, 0.12488199028581592, 0.06545542828833845], [-0.14630889459029328, 0.017384844417961582, 0.041918139055332065, 0.0336204614589593, 0.10679559324858616, 0.12692241979777205, 0.06396985622705086], [-0.13839458925651335, 0.013641170440595898, 0.038104562288864746, 0.029930076748183175, 0.0995921985264578, 0.11810129533493462, 0.06372630773132199], [-0.14648121411391823, 0.018003930829560852, 0.04209446832604316, 0.03353076153247419, 0.10714050706040713, 0.12472682788455548, 0.06451538039110978], [-0.14566247586989428, 0.016181571773629284, 0.039427290161415926, 0.032823832970713125, 0.10562876521125898, 0.1256374328939348, 0.06518204933388522], [-0.14872963613915094, 0.018277507299213173, 0.039252558360405636, 0.03258703448760592, 0.10580858204144866, 0.12345984195214668, 0.06546585673790549], [-0.14813764928844217, 0.01744310916014929, 0.0424599267389287, 0.033090730208745034, 0.10814546245703942, 0.12621359492002537, 0.06507088323160082], [-0.14121842692340336, 0.015630737986798957, 0.041760439598434666, 0.032360978022509465, 0.10159405809631965, 0.12378005987621363, 0.06445815597458246], [-0.13977848468262338, 0.014404964337758144, 0.039349959967064516, 0.03077401177756176, 0.10067228705067213, 0.12012795710669655, 0.06399799812766667], [-0.14610102733280728, 0.01753143809365513, 0.04114435281111532, 0.03344234582914397, 0.10706450586799364, 0.12682946357990316, 0.06536056657274433], [-0.13901840563002324, 0.014735816150704205, 0.040729813534094154, 0.03208467342805785, 0.09982920443307976, 0.12191919569795147, 0.06411331983211754], [-0.14903603551462102, 0.015034365300135763, 0.039680476892115076, 0.03284434318612235, 0.10840466780225064, 0.12543271557844354, 0.06525115994394814], [-0.15310442925963066, 0.017148675237566177, 0.041562137300412444, 0.028854874759234834, 0.10742307871847914, 0.1264684111179201, 0.06613156804199576], [-0.1573203958870594, 0.021240205218492937, 0.047494643965991526, 0.03645492140000911, 0.11610238561184029, 0.1352820157802882, 0.06682740093195041]], "p_best": [[-0.13899539484954967, 0.013924283281495267, 0.04135759234460419, 0.032492246072477624, 0.09937593631673983, 0.12267742501231027, 0.06453335066744895], [-0.14761808299262413, 0.016485815493516572, 0.042464426951782805, 0.03277882489057806, 0.10829184122049414, 0.1266956292875197, 0.0651283011049964], [-0.14630889459029328, 0.017384844417961582, 0.041918139055332065, 0.0336204614589593, 0.10679559324858616, 0.12692241979777205, 0.06396985622705086], [-0.13453353756570888, 0.011510194600641056, 0.03462991765863166, 0.027575508107638882, 0.09657876445914637, 0.11244693322569221, 0.06296829477428036], [-0.14854426394298434, 0.019088420041046304, 0.04293703761580389, 0.03436354826934987, 0.10911921027120688, 0.12615194196771062, 0.06467893649649709], [-0.14747964702299826, 0.01693376525648071, 0.0415248122029625, 0.03341864284407146, 0.10709762108136284, 0.12706361049943726, 0.06499513636436446], [-0.14897368156764323, 0.017954709649233208, 0.04143969915902605, 0.03330329669883483, 0.10718521107745942, 0.1260028912003033, 0.06513338087342466], [-0.14813764928844217, 0.01744310916014929, 0.0424599267389287, 0.033090730208745034, 0.10814546245703942, 0.12621359492002537, 0.06507088323160082], [-0.14875851599816678, 0.018341758405578702, 0.044795145278853726, 0.034573825307263335, 0.10815880385823462, 0.1296288060547469, 0.06534128020985933], [-0.13977848468262338, 0.014404964337758144, 0.039349959967064516, 0.03077401177756176, 0.10067228705067213, 0.12012795710669655, 0.06399799812766667], [-0.14610102733280728, 0.01753143809365513, 0.04114435281111532, 0.03344234582914397, 0.10706450586799364, 0.12682946357990316, 0.06536056657274433], [-0.14093367908975138, 0.017170117285780363, 0.04399850791586299, 0.03213352664307883, 0.10126172675767824, 0.12573012221443497, 0.06568560198530556], [-0.14912293077903865, 0.01637495321186103, 0.04164814117461808, 0.033428633508937135, 0.1084497820378935, 0.12696389130826988, 0.0650288006106937], [-0.15286297023353115, 0.01715553951719262, 0.042298380394217044, 0.030678827148780997, 0.10760448627322974, 0.12785474595774166, 0.06572534465751831], [-0.1471831035906349, 0.018068909653063226, 0.04220565787027039, 0.03342825440103019, 0.1078742984922083, 0.1251604719850169, 0.06493489240993704]], "g_best": [-0.13977848468262338, 0.014404964337758144, 0.039349959967064516, 0.03077401177756176, 0.10067228705067213, 0.12012795710669655, 0.06399799812766667], "r": [0.8586830679235297, 0.6609325595460032], "qde_particulas": 15, "condicao_voo": {"Velocidade": 20, "Viscosidade": 1.789e-05, "Temperatura": 288.2, "Densidade do Ar": 1.225, "Diametro da Helice": 2.4383999999999997, "Numero de pas": 2, "Rotacao do Motor": 1000.0}, "condicoes_geometricas": {"raio": [0.254, 0.30479999999999996, 0.4572, 0.6095999999999999, 0.762, 0.9144, 1.0668, 1.2191999999999998], "corda": [0.12242800000000001, 0.139192, 0.174244, 0.185166, 0.17932399999999998, 0.16129, 0.12852399999999997, 0.0]},