{"eficiencia": [0.9680073651068242, 0.9680168488596738, 0.9673408443811125, 0.9680082148697117, 0.9677087734367094, 0.9680053322989111, 0.9680092299785431, 0.9680279082650692, 0.9680218043776712, 0.9673505734172513, 0.9680335497687009, 0.9673497818879183, 0.9680033108922195, 0.968029782851496, 0.9680104812357766], "matriz_v": [[0.0002104987817019488, -0.00043520040201326063, 0.0007092569153632278, 0.0001378367141752612, 0.0001920281012021522, 0.00044419512251531293, 0.00010724974802673562], [0.0, 0.0, 0.0, 0.0, 0.0, 0.0, 0.0], [0.00021152024653405972, -0.0004483533968139803, 0.0006985987036488791, 0.0001296427628373913, 0.00016615501926888973, 0.000358267252288421, 0.000128040368211296], [0.0002252269756072889, -0.0004459504497042989, 0.0007058251130441273, 0.00014482162526132611, 0.00018890970417812796, 0.00043481591848986144, 0.00010174816697334633], [0.0002680001199623507, 0.0003199847222907613, 0.0008391008707266792, -0.00043036143488973033, -8.5505305341063e-05, 0.0007075598388055798, 0.000447676480119695], [0.00014450265842492848, -0.0004288216283834856, 0.000663688405786129, 0.0001521332505894858, 0.00020760951330625705, 0.00041710940880522603, 8.914742366390789e-05], [0.00017459937896780419, -0.00043355624440401784, 0.0006451069287585243, 0.00014465437023141332, 0.0002060821504356002, 0.00041255647009396735, 9.416106346302328e-05], [0.0001677912501564355, -0.0003966666217818741, 0.0006305875431661736, 0.00012488157862234757, 0.00018820425051935084, 0.00040278188956442554, 0.00010079211364339876], [0.0001892354343407366, -0.000432089186278393, 0.0006414018037916417, 0.00014452222009476076, 0.00019948552007848527, 0.0004005397184401148, 9.58584873234642e-05], [0.00043806031483163493, -0.0005159160148562831, 0.0009769132488775835, 6.350492701007758e-05, 0.0001458749980621679, 0.0006077362803400628, 0.00018068776391159938], [5.387222428049323e-05, -0.0006738327213526376, 0.0005150848241876855, 0.00019596297501530308, 0.00033676611985269917, 0.0005812977692800194, -9.615128996579692e-05], [0.0003522023676127188, -0.0005293378541258709, 0.0008019485383203535, 0.0001536106881983665, 0.00017891538161270804, 0.0004851016456361509, 9.676367052160832e-05], [7.974093152216707e-05, -0.0004118013030854442, 0.0005176307157620023, 7.836935686109179e-05, 0.0003064407562736188, 0.0002943137309647091, 4.9545588074159804e-05], [0.00017612709108888442, -0.0003660620456561996, 0.00071340604679961, 0.00012359233335329053, 0.0001644243200779658, 0.0004667566493049704, 9.24993035870485e-05], [0.00022101422239221587, -0.0004209743554796115, 0.0007101792473869266, 0.00013275408367633998, 0.00017797355763188454, 0.00044086780594052727, 0.00010769969881378258]], "matriz_pso": [[-0.046127766317039055, -0.0413952457450825, -0.012621454523360307, 0.005988033404392088, 0.023642220829453584, 0.03705407365856685, 0.04255391981328452], [-0.04622780632227904, -0.041193126035821835, -0.012952498940425768, 0.005925225264347075, 0.023554025560674922, 0.03684679576139088, 0.042503462808498656], [-0.04616017341588196, -0.04143770822860148, -0.01250029051244819, 0.006021985482725955, 0.02375654801867858, 0.037334902785688275, 0.04252894567888795], [-0.046185508180211644, -0.041507152889899174, -0.012642252980480937, 0.006036878903450247, 0.023701383797600683, 0.037087714143057435, 0.04250771439877562], [-0.04602412227679883, -0.041462114104139684, -0.012477616490700507, 0.005969394365199705, 0.02362907866661206, 0.03713844194879185, 0.04257956792848928], [-0.045987324053927185, -0.041383912576860665, -0.012511827342623846, 0.005941005737291571, 0.02359429926441727, 0.03713735948769635, 0.042589464680436895], [-0.04601652263939714, -0.04140034059695037, -0.012422669031483606, 0.005966907116074685, 0.02359867068645908, 0.037152114288296824, 0.04259447852166038], [-0.046057506170849395, -0.041562105151973075, -0.01235048808563765, 0.006034410573478548, 0.023716051958583593, 0.0372317200340228, 0.042589433942366625], [-0.04608631777710481, -0.04140733657512167, -0.012405000356372816, 0.005967537302060639, 0.02363012811897423, 0.037209418720065446, 0.042586383995569244], [-0.04602534023700711, -0.04143157606729111, -0.012500981661973961, 0.005954576459905959, 0.02362144718915101, 0.03712768398931782, 0.04258697446882739], [-0.04611775679103564, -0.041510974534738634, -0.012612361236066355, 0.0059891086931031816, 0.02368424012647322, 0.03715399620919377, 0.04250086401399839], [-0.046024734154659616, -0.04142192088140315, -0.012488406963011603, 0.0059416968463849714, 0.02361773084245728, 0.03713757115461604, 0.04259860961813806], [-0.04612937373392819, -0.04140591968999241, -0.012641404927512511, 0.0059408185652199425, 0.02368554861887248, 0.037023859576294484, 0.042546127902189944], [-0.046123334889497915, -0.041404712607534776, -0.01262212126110867, 0.005989884192573296, 0.02364604745234555, 0.03705112021566332, 0.04255585196876827], [-0.0462372557981445, -0.04149418913388181, -0.012585826312099181, 0.006003796750885335, 0.023762654544918018, 0.03712356588282504, 0.04257733511384069]], "p_best": [[-0.046624630837847854, -0.04085847199799918, -0.01366753288090369, 0.005943736564368404, 0.023508272260899087, 0.03640407668592872, 0.04235425492194169], [-0.04622780632227904, -0.041193126035821835, -0.012952498940425768, 0.005925225264347075, 0.023554025560674922, 0.03684679576139088, 0.042503462808498656], [-0.04683863545688465, -0.04111576064325537, -0.012856499647438263, 0.006179308202951026, 0.024298773601101595, 0.03838152867204174, 0.0421574235033519], [-0.046185508180211644, -0.041507152889899174, -0.012642252980480937, 0.006036878903450247, 0.023701383797600683, 0.037087714143057435, 0.04250771439877562], [-0.04629212239676118, -0.04178209882643045, -0.013316717361427186, 0.006399755800089436, 0.023714583971953123, 0.036430882109986275, 0.04213189144836958], [-0.045987324053927185, -0.041383912576860665, -0.012511827342623846, 0.005941005737291571, 0.02359429926441727, 0.03713735948769635, 0.042589464680436895], [-0.04583834189731305, -0.040894483264097926, -0.01226248373910394, 0.005794412421094446, 0.023200452558052562, 0.037097044273065566, 0.04264093066400924], [-0.046096060379969564, -0.042013432920970366, -0.011766293997587062, 0.006268329669678051, 0.02399821370566965, 0.03763432197091611, 0.0425972932901658], [-0.0463190827241807, -0.04094267075166914, -0.012140783950817937, 0.00579875306919571, 0.023417127710723, 0.0374917505637388, 0.04258517650556835], [-0.04646340055183875, -0.04091566005243483, -0.013477894910851544, 0.005891071532895881, 0.023475572191088843, 0.036519947708977755, 0.042406286704915794], [-0.04611775679103564, -0.041510974534738634, -0.012612361236066355, 0.0059891086931031816, 0.02368424012647322, 0.03715399620919377, 0.04250086401399839], [-0.04637693652227234, -0.04089258302727728, -0.013290355501331957, 0.005788086158186605, 0.023438815460844573, 0.03665246950897989, 0.04250184594761645], [-0.04620911466545036, -0.04099411838690697, -0.013159035643274513, 0.005862449208358851, 0.02337910786259886, 0.036729545845329774, 0.04249658231411579], [-0.046123334889497915, -0.041404712607534776, -0.01262212126110867, 0.005989884192573296, 0.02364604745234555, 0.03705112021566332, 0.04255585196876827], [-0.047319866387258394, -0.04147156586746573, -0.013427343830182204, 0.0060323645183547004, 0.024265007610367643, 0.03685609086397333, 0.04251160821711622]], "g_best": [-0.04622780632227904, -0.041193126035821835, -0.012952498940425768, 0.005925225264347075, 0.023554025560674922, 0.03684679576139088, 0.042503462808498656], "r": [0.5863749982345053, 0.5550402203332767], "qde_particulas": 15, "condicao_voo": {"Velocidade": 20, "Viscosidade": 1.789e-05, "Temperatura": 288.2, "Densidade do Ar": 1.225, "Diametro da Helice": 2.4383999999999997, "Numero de pas": 2, "Rotacao do Motor": 1000.0}, "condicoes_geometricas": {"raio": [0.254, 0.30479999999999996, 0.4572, 0.6095999999999999, 0.762, 0.9144, 1.0668, 1.2191999999999998],