{"eficiencia": [0.967863171669757, 0.9653130602610794, 0.9678904176212564, 0.9678796666497648, 0.967852653781635, 0.9654790722501089, 0.9678592339945487, 0.967860662936361, 0.9678877602602669, 0.9678801524129312, 0.9678739278851937, 0.9678658959485027, 0.9653686508178382, 0.9678632810789269, 0.9678646234003978], "matriz_v": [[4.746034141242772e-06, -1.0297181257576548e-05, -3.787720704075191e-05, -2.0238686922211107e-05, -8.82235358147253e-06, -1.228510487206431e-06, 8.971627146199196e-06], [0.00023761273005598257, -4.663187316945991e-05, 0.00019394543881050112, 0.00039470555551653617, 0.0002826051788968548, 0.00014064844616580347, -6.280551087269244e-05], [-0.0002054831182436466, 0.0002970971549926746, -0.0001809805505381618, -0.00042108967489170614, -0.00013258137022035556, 0.00013672156609787162, 0.00017632125053409478], [6.321969289581395e-06, -1.0812313444837787e-05, -7.478408669503407e-05, -5.0701409422829544e-05, -2.237856916255802e-05, -8.065500202154224e-06, 1.3917701014763784e-05], [-7.766436771336102e-06, 4.2028629711512316e-05, 0.0002589991998726412, 0.00014869008974952047, 0.00010251780619534377, 9.80878321493741e-05, 5.538986171750754e-06], [-0.00013457047862142817, 0.0005306937149601467, 0.0013708348426440895, 0.0007442509409479122, -0.0006358564045018046, -0.0007028409403886, -0.0006929910780918008], [1.7805067491757053e-05, -2.758599170111305e-05, -2.416950205785626e-05, -7.107592265351198e-06, 3.8012103013828175e-06, -3.5932827523213576e-06, 8.462723172177494e-06], [-3.9789324345871605e-06, 9.218855447390207e-06, 3.3700077198773096e-05, 1.936717844947512e-05, 7.035728061644587e-06, 3.233284384139034e-06, -7.464158407744573e-06], [4.955472112067799e-06, -3.893432576447119e-05, -6.890698479885811e-05, -0.00010046164382798023, 1.4849693340801811e-05, -4.0179150386905236e-05, 3.795486033755308e-05], [5.186165790875094e-05, -7.016593107876776e-05, -2.5991043309206667e-05, -1.683108976948689e-05, -5.957863439996243e-05, 7.696224280080838e-06, 5.535656485324752e-06], [6.095055132134146e-05, -8.615788634946226e-05, -6.276932725487214e-05, -1.003998837511663e-05, 3.6207805934029915e-06, -5.923879842752194e-06, 2.7251999411423208e-05], [2.549258169237119e-05, -2.004525468926714e-05, 1.3758800419043768e-06, 1.4593048903921413e-05, 1.2362207612117342e-05, 3.098743556479063e-06, 2.0705209385228237e-06], [-3.9509934413430384e-05, 2.02794146756204e-05, 0.0003749159289563759, 0.00027643253378695405, 0.00019922033182084728, 8.356591620459837e-05, -0.00016970170532200053], [0.0, 0.0, 0.0, 0.0, 0.0, 0.0, 0.0], [3.365798765696666e-05, -5.191016416880047e-05, -4.46411161813553e-05, -1.3747947382362544e-05, 6.187139357151802e-06, -7.054144220026177e-06, 1.5160985440227761e-05]], "matriz_pso": [[-0.04219022705923015, -0.028396489706295658, -0.0057324749448538995, 0.00939643592732661, 0.01709453977186624, 0.032650723975498355, 0.042632516294947], [-0.043483754499401214, -0.028136574605509206, -0.006858703283320976, 0.007224429458750305, 0.015535518633776158, 0.031896137908438975, 0.04298767561514803], [-0.04184764178685703, -0.028906356009872267, -0.0055871705104616415, 0.009990894648613293, 0.01727466246993666, 0.03243058059099097, 0.042387888868231235], [-0.04219206841710968, -0.02840846394175853, -0.0055561358441294905, 0.009543389459930395, 0.017160795426443613, 0.03268361678251005, 0.042613831423649565], [-0.04214809026355206, -0.0286065785268902, -0.007027891752584593, 0.008668722445878482, 0.016584759612699923, 0.03219185584565755, 0.042625238754056015], [-0.04149476535007287, -0.031194036419283866, -0.013090676523705741, 0.00540475204019146, 0.02041392111933211, 0.03637136364076686, 0.046314028065182276], [-0.04223791532821076, -0.02833404621519068, -0.005789612952183314, 0.009345289421336365, 0.017045782691758483, 0.03265972907659886, 0.04263559978719884], [-0.04217789338702696, -0.0284174991052651, -0.005823164687975662, 0.00935177122437836, 0.01706945752092423, 0.03265326329270261, 0.04265393211499044], [-0.042232530660718214, -0.028155832372705497, -0.005585256123482682, 0.010029041622846319, 0.016803022760597756, 0.03285917944097959, 0.04230423384615604], [-0.042389679928065395, -0.02816273573144419, -0.005868435902008196, 0.00936787408640766, 0.01733690362752165, 0.032578566595676844, 0.04265297431518259], [-0.04240243945506246, -0.028092293686463814, -0.005598762553511574, 0.009378324493559133, 0.01703203240308628, 0.03267611344035209, 0.04255087165657905], [-0.042172716635539106, -0.028451152771581906, -0.005907871032122163, 0.009298758123200766, 0.017053954413849153, 0.032639743726446464, 0.04267488468503981], [-0.0420822820463146, -0.028482248566765456, -0.0067286311442067296, 0.008692668261746713, 0.016608335247864134, 0.03245698393715643, 0.04305157462643364], [-0.04217189179039882, -0.028436338709560707, -0.005879236652500748, 0.009318933532098617, 0.017059878080735853, 0.03264640471038815, 0.04266698068050965], [-0.04234487025527215, -0.02816799114251508, -0.005642898010533353, 0.009387529433700068, 0.01702149206118487, 0.03268093232075587, 0.042583543694743244]], "p_best": [[-0.042231564340147396, -0.028306781222381786, -0.005402433637314464, 0.009572495559083604, 0.017171563896624806, 0.032661289331941894, 0.04255443645580524], [-0.04610573003820854, -0.027554853486065352, -0.008839847949694044, 0.0030120309292773068, 0.01247527870623263, 0.0303851466098096, 0.043635969475526976], [-0.041642158668613385, -0.029203453164864942, -0.00540618995992348, 0.010411984323505, 0.017407243840157013, 0.0322938590248931, 0.04221156761769714], [-0.042245790631801755, -0.028318678858356327, -0.004893979822560002, 0.009994018121136252, 0.017360277067317693, 0.03275577768706124, 0.04249280564077382], [-0.04214809026355206, -0.0286065785268902, -0.007027891752584593, 0.008668722445878482, 0.016584759612699923, 0.03219185584565755, 0.042625238754056015], [-0.040121528021117125, -0.03675193447730682, -0.0275914712622823, -0.002464652895686171, 0.027154919438979394, 0.04385306066177222, 0.05364602332221664], [-0.042392122505323086, -0.028095127833665728, -0.00558028430536529, 0.009406847275009922, 0.01701286094571859, 0.032690849991476485, 0.04256230533596076], [-0.04221574456776822, -0.028297130123147968, -0.005467880496207346, 0.009560012764352716, 0.01712954910830923, 0.03269714199846553, 0.042571074311706904], [-0.04234653055024999, -0.027604918723225496, -0.004966514243447127, 0.011426486400882774, 0.016329178631550288, 0.03329273859951584, 0.04161004392895419], [-0.0428030521545027, -0.02764353697699344, -0.0058484619969965184, 0.009460649211272713, 0.01786285488987156, 0.032449616507403446, 0.042626439029602406], [-0.042897847656344294, -0.027360061496807024, -0.0050128220666897936, 0.009497612523363834, 0.01697770302363155, 0.032737111230502124, 0.04230644232784446], [-0.0421892383103938, -0.028460695847681062, -0.005950427906138606, 0.00926058608373957, 0.017037892627726568, 0.03262817423415967, 0.0426851592473709], [-0.04184202416116823, -0.028602777222691944, -0.008977888156892322, 0.007034552443844083, 0.015406627254095952, 0.0319524325982648, 0.044073790086080186], [-0.04217189179039882, -0.028436338709560707, -0.005879236652500748, 0.009318933532098617, 0.017059878080735853, 0.03264640471038815, 0.04266698068050965], [-0.04269880150243061, -0.027619373600662515, -0.005161305894335467, 0.009528473200116972, 0.01694483740984037, 0.03275207353341025, 0.04241440428582318]], "g_best": [-0.04217189179039882, -0.028436338709560707, -0.005879236652500748, 0.009318933532098617, 0.017059878080735853, 0.03264640471038815, 0.04266698068050965], "r": [0.8291019909832886, 0.27653522891941074], "qde_particulas": 15, "condicao_voo": {"Velocidade": 20, "Viscosidade": 1.789e-05, "Temperatura": 288.2, "Densidade do Ar": 1.225, "Diametro da Helice": 2.4383999999999997, "Numero de pas": 2, "Rotacao do Motor": 1000.0}, "condicoes_geometricas": {"raio": [0.254, 0.30479999999999996, 0.4572, 0.6095999999999999, 0.762, 0.9144, 1.0668, 1.2191999999999998],