{
    "condicao_de_voo": {
        "Velocidade": 20,
        "Viscosidade": 1.789e-5,
        "Temperatura": 288.2,
        "Densidade do Ar": 1.225,
        "Diametro da Helice": 2.4384,
        "Numero de pas": 2,
        "Rotacao do Motor": 1000
    },
    "condicoes_geometricas": {
        "raio": [
            0.254,
            0.3048,
            0.4572,
            0.6096,
            0.762,
            0.9144,
            1.0668,
            1.2192
        ],
        "corda": [
            0.122428,
            0.139192,
            0.174244,
            0.185166,
            0.179324,
            0.16129,
            0.128524,
            0
        ]
    }
}