{"eficiencia": [0.9565875709992995, 0.9565672002230106, 0.9581141037631652, 0.9582400357245427, 0.9565543043374348, 0.9565349964333865, 0.9582903965782072, 0.9583382078346203, 0.9582971776695259, 0.9565133434287236, 0.9582535391613087, 0.9582903965782072, 0.9582400357245427, 0.9565869091561531, 0.9582002568759564], "matriz_v": [[7.284776950670228e-05, 4.9559039591291235e-05, 1.8747775009031335e-05, 5.6377865103596336e-05, -8.574870916692704e-05, 6.776874020268733e-05, -2.6950548310535367e-05], [-2.915778067049393e-05, -6.950948637706383e-05, -3.7665425888804535e-05, -8.175310293797352e-05, 4.161952582486221e-05, -3.1316615024278944e-05, 4.536205617915011e-05], [1.5310595737708954e-05, 5.156169545996664e-06, 5.1556190702481546e-06, 1.500206036249386e-06, -1.3855268922161681e-05, 3.1762909394120763e-06, 1.9394543625324323e-06], [0.0, 0.0, 0.0, 0.0, 0.0, 0.0, 0.0], [6.135904422633552e-05, 6.054999363471438e-05, -6.599406236970348e-06, 1.0127495957319463e-05, -7.167783796971396e-05, 4.5012652883768406e-05, -1.6314779465047066e-05], [-6.052912699458175e-06, 2.3330623882561493e-05, 5.985945544468234e-07, 9.026378572397833e-05, -7.864252008104043e-05, 8.260948902171194e-05, -1.294344029273413e-05], [2.05928297555505e-05, 2.0164015434934497e-06, -3.312054040535947e-06, -1.0380024076186214e-05, -3.3032673956061056e-06, -1.8912480002048418e-05, 2.3399590728952026e-05], [4.4488165161226165e-05, 4.889944853524885e-05, 1.5536518416033722e-06, -1.0849929090766159e-05, -5.7637452389165276e-05, 9.560770226191485e-06, 1.4135158661874965e-05], [2.963577497345187e-05, 4.2177638253652634e-05, 4.143131438349226e-06, -7.4597798724527865e-06, -6.675365828270554e-05, 3.535793283665291e-05, -4.550596734892837e-06], [-0.0001173562343968344, -6.92195129792985e-05, 1.4271896476340535e-05, 4.322813033959467e-05, 0.00014370764241090266, -2.325732171965943e-05, -2.5477877417991575e-05], [0.00011715445099917684, -0.00018294649971830766, -5.4408695383372004e-05, -3.9132366603443746e-05, 0.00010634969447855124, -5.319945081760695e-05, 0.000200619754962562], [1.3777323292562902e-06, -1.197731654875891e-05, 5.687869034378166e-06, -3.4074294205437534e-06, -3.22503371885928e-06, -6.4135209784424605e-06, 9.418758549758043e-06], [5.715099282692109e-06, -3.4931818797050875e-06, 2.9587204020636417e-06, -2.4666866950665253e-06, -4.109566221399034e-06, -2.956005155226503e-06, 5.2686752929675e-06], [4.141173085806982e-06, -8.190431135832101e-05, -0.00019709215588645463, 0.0002111438052233045, 0.00013913895718494352, -3.0756136807112515e-05, -0.00018778863772244542], [-2.221469066173128e-05, -4.442680649701728e-05, -1.9581212410247768e-05, -4.697637540231647e-05, 1.7458651533376927e-05, -5.6319403326113285e-05, 3.466838438747799e-05]], "matriz_pso": [[-0.04422896416305288, -0.02747196215259577, -0.012899547644100175, 0.00899930429383239, 0.01731119517420357, 0.03690480257809638, 0.040299890084945535], [-0.04421560256067992, -0.02748924119237456, -0.012919882150387972, 0.008975898779039548, 0.01729735298219946, 0.03692514063249652, 0.040310275560561194], [-0.044165579513230045, -0.0274195124174339, -0.012884997301009343, 0.009043018975850201, 0.017238850263439874, 0.036961111238314394, 0.040273187488163456], [-0.04419128128002886, -0.027440398071270317, -0.012891081626409623, 0.009033906419290262, 0.017264721391082066, 0.03694644612252026, 0.04028006428587538], [-0.04430835332617443, -0.02757639909075948, -0.012870205605507981, 0.00900756297802756, 0.017407506869269014, 0.03684490202067291, 0.04032610516937946], [-0.04415168845337007, -0.027508820781529445, -0.012884262548983207, 0.008786828091347412, 0.01745145672615154, 0.03672136578576632, 0.040331304119912155], [-0.04418815508243454, -0.02744052049101579, -0.012891160838521027, 0.009032384986407302, 0.017263850229375627, 0.036943852048928236, 0.04028346048259065], [-0.044320760034055474, -0.027628250738391258, -0.012885043275163157, 0.009063317207126467, 0.01744656728548988, 0.03690373839216333, 0.04024993861007053], [-0.04415405670508047, -0.02737222907635384, -0.01288861569502928, 0.00902580845060755, 0.017169316244411183, 0.03700365953241334, 0.0402663757799479], [-0.04373859878743006, -0.027200140579488823, -0.012931896555489753, 0.00886575228661823, 0.016721648725114134, 0.037020226442830054, 0.04039403562583346], [-0.04430876806643514, -0.027240883817295263, -0.012827029354108115, 0.009073424477127086, 0.01713677278925766, 0.037002614937422094, 0.04006615526131139], [-0.04419191736064314, -0.027444331074736757, -0.012889481425036075, 0.00903306521128166, 0.017264645357469924, 0.03694443959035136, 0.04028262394566086], [-0.044189973373015924, -0.027441197489942146, -0.012890404519858753, 0.00903334191521647, 0.017263780912148065, 0.03694576963735673, 0.04028127002824725], [-0.04417167641236755, -0.02715183993864142, -0.012169062498452725, 0.008262055249069365, 0.016732157071443425, 0.03705013302866246, 0.040978834889982566], [-0.044173276773991105, -0.0274140075741385, -0.012874007059368819, 0.009064864388629518, 0.017252575937139893, 0.03698232691459581, 0.040260419151193626]], "p_best": [[-0.04460530168414113, -0.027761278160620725, -0.01298962933313175, 0.008677132763713036, 0.01776601058474674, 0.03651748484012672, 0.04047234383531986], [-0.04427222417156911, -0.027584419799052375, -0.012983981981837117, 0.008858605525674653, 0.017368390167470587, 0.03688565583287518, 0.04036577188869417], [-0.04424158205917127, -0.027477900985041503, -0.012903184254558274, 0.009018409498256202, 0.017315100631708547, 0.03692035357647225, 0.0402904532077281], [-0.04419128128002886, -0.027440398071270317, -0.012891081626409623, 0.009033906419290262, 0.017264721391082066, 0.03694644612252026, 0.04028006428587538], [-0.045293294178873546, -0.02869692233679337, -0.01270535063295609, 0.008791321616034298, 0.018600622520439494, 0.036007114621095994, 0.04069754210862378], [-0.04389386954748364, -0.027980879843632595, -0.012844155663548943, 0.007064143136137517, 0.018775520270151877, 0.03515197899554471, 0.04067516812385355], [-0.04418815508243454, -0.02744052049101579, -0.012891160838521027, 0.009032384986407302, 0.017263850229375627, 0.036943852048928236, 0.04028346048259065], [-0.04533216587574675, -0.0290575184193279, -0.01284711330450033, 0.00929536071771879, 0.018855013953480236, 0.036583390314618366, 0.04000451670264571], [-0.04415405670508047, -0.02737222907635384, -0.01288861569502928, 0.00902580845060755, 0.017169316244411183, 0.03700365953241334, 0.0402663757799479], [-0.04031140953869038, -0.025363302449882465, -0.013250420649031043, 0.007593625358452104, 0.01260260204483118, 0.037589459547785746, 0.04124639944165336], [-0.04430876806643514, -0.027240883817295263, -0.012827029354108115, 0.009073424477127086, 0.01713677278925766, 0.037002614937422094, 0.04006615526131139], [-0.04420819654378753, -0.027454446294831687, -0.012888958144096739, 0.009034769224033372, 0.017275845286308145, 0.036941290539363465, 0.040282125069465775], [-0.044195688472298614, -0.02743770430806244, -0.012893363240260816, 0.009035808601911537, 0.017267890478369463, 0.03694872564251196, 0.04027600135295428], [-0.044043002371571785, -0.02494576618203896, -0.00667972654724306, 0.002389515820270782, 0.012693480117922238, 0.03784620695126496, 0.04628529287423483], [-0.04402402323113811, -0.02717895389360369, -0.012747130728696007, 0.009322316609780668, 0.01713977099492896, 0.03728897211289361, 0.04008667824363303]], "g_best": [-0.04419128128002886, -0.027440398071270317, -0.012891081626409623, 0.009033906419290262, 0.017264721391082066, 0.03694644612252026, 0.04028006428587538], "r": [0.3125525530022639, 0.38709447681383247], "qde_particulas": 15, "condicao_voo": {"Velocidade": 20, "Viscosidade": 1.789e-05, "Temperatura": 288.2, "Densidade do Ar": 1.225, "Diametro da Helice": 2.4383999999999997, "Numero de pas": 2, "Rotacao do Motor": 1000.0}, "condicoes_geometricas": {"raio": [0.254, 0.30479999999999996, 0.4572, 0.6095999999999999, 0.762, 0.9144, 1.0668, 1.2191999999999998],