{"eficiencia": [0.9678846681314323, 0.9678846833187127, 0.9678837688126638, 0.9678837226543509, 0.9678827327547599, 0.9678846681314323, 0.9678846681314323, 0.9678866184603183, 0.9678840032161702, 0.9678785775910878, 0.9678847645621514, 0.9678840996488439, 0.9678652700701358, 0.9678840032161702, 0.9678811612027264], "matriz_v": [[-7.963518392498392e-07, 2.6387045023625186e-09, -3.4393612905641396e-07, -9.619171771169558e-07, 5.34351586053818e-08, -6.076728998781531e-07, 4.575904522641889e-07], [-1.8800629226942146e-06, 4.976126824509478e-07, -1.2319487898244204e-06, -3.0266114702222964e-06, -5.0478946551779286e-08, -1.861760952323002e-06, 7.874614450619819e-07], [9.589881481795975e-07, -2.893519269712706e-06, -5.6259246769905635e-06, -9.659778729755156e-06, 2.749759308653656e-06, -1.9796217779313976e-06, 1.5916073866754135e-06], [3.329330010506918e-05, 2.5793278585549796e-05, 6.129769535802223e-05, 1.0109698884986991e-05, 2.8382211123135237e-05, -1.0488556882437652e-05, 1.9987014146855437e-05], [-4.865937150099603e-06, 4.9594263915389705e-06, -4.3385540440869005e-06, -2.6879576092120735e-06, -7.0400385969739144e-06, 5.530222537360002e-06, 1.1606461193691605e-05], [-7.397795961350689e-07, 1.2850593017964384e-08, -1.5820545092422613e-06, -2.1545011971090228e-06, -2.5899965131421755e-07, -1.4837011984969383e-06, 1.059616427709925e-06], [1.1971754382573635e-06, -8.64555837292083e-08, -1.951956446970471e-06, -5.16624028906292e-07, 6.570756324145842e-07, -1.3443969901408977e-06, 1.505520690805251e-06], [-3.5830876784481702e-06, 7.788313420569965e-07, -1.7306665522942237e-06, -5.096507445375006e-06, -3.1012316888684686e-07, -3.344785199100818e-06, 1.3152896557712703e-06], [-2.0345384600765798e-06, 6.443997389048472e-06, -2.740447337691082e-06, -1.0751905151605073e-06, 3.7289823551487075e-06, -1.5620266454101467e-06, 4.720096856319605e-06], [-9.779309764999549e-05, -6.9262613442417e-06, 0.00015240891846117068, 4.061869745021706e-05, -7.437411537002255e-05, 5.5957396387096276e-05, 4.143421753430921e-05], [-7.477599707398851e-08, -1.8020630742534362e-07, -8.384530648385022e-07, -1.0448873388018306e-06, -1.2743911382154927e-07, -7.573656354104659e-07, 5.286402927996969e-07], [0.0, 0.0, 0.0, 0.0, 0.0, 0.0, 0.0], [8.227393513454684e-05, -0.00010458965221186761, 0.000161424982685648, 7.691554512550831e-05, -8.844518017533346e-05, -4.0778091654221425e-05, 1.988155290759034e-05], [3.405927148089373e-05, -1.99288408699979e-05, 9.755194480412564e-06, 3.8209889066396736e-05, 1.901072957667023e-05, 1.294009233987154e-05, 3.3130388035099186e-05], [-2.859599393782573e-07, 9.030587534683938e-08, 1.9712117072297688e-06, 1.2511335147868428e-06, 1.0264558744640157e-06, 1.5748437858069645e-06, -1.3903611270655413e-06]], "matriz_pso": [[-0.0434595417135567, -0.029075996959238234, -0.006923240737739815, 0.008246013244920572, 0.014467339951046492, 0.035888255574634646, 0.0437935345779414], [-0.043451066925228786, -0.029079867358455806, -0.006916294433163968, 0.008262160641574928, 0.014468153565456056, 0.035898064356828435, 0.0437909531484748], [-0.043473266780221974, -0.029053350518185875, -0.006881935888609219, 0.008314028463009845, 0.014446257212753411, 0.035898985983462424, 0.04378466514691413], [-0.04342419938831967, -0.02904377103808388, -0.0068493948666960664, 0.008251113646329477, 0.014503195438790582, 0.03587040727972586, 0.043822068895685205], [-0.04346301352339532, -0.029078784146782825, -0.006923473672066032, 0.008240013802179752, 0.014471743538524803, 0.03588037319503466, 0.04379054140361328], [-0.04345998456187213, -0.029076077057862044, -0.006913554863708343, 0.008255342419994245, 0.01446978388003114, 0.03589510902744584, 0.04378882422818712], [-0.043475144683760514, -0.029075299741310606, -0.0069106585634592385, 0.008242525300620205, 0.014462614393614875, 0.035894018691113465, 0.043785335333540176], [-0.04343775030239809, -0.02908206629996754, -0.006912394735437609, 0.00827834601403598, 0.014470183832006616, 0.035909660739442774, 0.04378682583115289], [-0.04346417913366664, -0.02908101251017364, -0.006923788777933287, 0.008239331183262729, 0.014464843395019831, 0.035884724162595416, 0.043793424178734566], [-0.043398449558873634, -0.029071208327210978, -0.007030847581489371, 0.008210529005138745, 0.014518956309748532, 0.03584498263206644, 0.043768590198310295], [-0.04346500483443551, -0.029074127381138418, -0.0069173275517635194, 0.008249208884719614, 0.014469066419941327, 0.03589127316401395, 0.04379168942723325], [-0.04346576868703337, -0.02907597632621884, -0.006925930103228453, 0.008238491654018899, 0.014467757780577304, 0.0358835039524954, 0.04379711264917696], [-0.04410912238080596, -0.028258120905031766, -0.008188215644469693, 0.007637040646067714, 0.015159369979710726, 0.036202377013645676, 0.04364164367739102], [-0.043471199928163735, -0.029072798797957985, -0.00692748589862909, 0.008232398397145888, 0.014464726649686531, 0.03588144011229604, 0.04379183069314709], [-0.04346353217562364, -0.02907668237865784, -0.00694134155325497, 0.00822871066852697, 0.014459732459121286, 0.03587119172615501, 0.043807982653392155]], "p_best": [[-0.043415777941576326, -0.02907614197009453, -0.006904339616921237, 0.00829887571340285, 0.014464403404683865, 0.035921650434692774, 0.0437683875471616], [-0.043347745139153855, -0.0291072122671405, -0.0068485766176534565, 0.008428502028406218, 0.014470934923967688, 0.03600039237595295, 0.04374766448005903], [-0.04352595884852481, -0.028894343120777204, -0.006572756649710972, 0.008844881162199756, 0.014295157629446126, 0.036007790890013464, 0.043697186325509035], [-0.04329067561603868, -0.028940325460664076, -0.0066035580187538264, 0.008291657042593195, 0.014617023726103476, 0.035828340450921106, 0.04390222958068591], [-0.04346560039113181, -0.02907613849346218, -0.006925784107730105, 0.008238590947744408, 0.014467987356741084, 0.03588333066696735, 0.04379672805143454], [-0.043419332988956574, -0.02907678500629236, -0.006826585592982977, 0.008373766222741554, 0.014484022164234289, 0.03597666704410037, 0.04373057476557073], [-0.043541026125177594, -0.029070545161067628, -0.006803336673317853, 0.008270879838709534, 0.014426471320897362, 0.03596791503585893, 0.043702568009310536], [-0.04324084316474625, -0.029124864755164882, -0.006817271015655282, 0.008558433436662944, 0.014487233305099174, 0.036093484719888366, 0.04371453160516552], [-0.043462144595206566, -0.029087456507562687, -0.006921048330595596, 0.00824040637377789, 0.014461114412664683, 0.03588628618924083, 0.043788704081878245], [-0.04288605440210275, -0.02903491732714635, -0.00782941305011067, 0.007997698914718505, 0.014908647984471455, 0.03555178495658647, 0.04355149273069389], [-0.04345949500450417, -0.029060792161081015, -0.006855283006500105, 0.008326505882125454, 0.01447850455499272, 0.03594730764978088, 0.04375257516743705], [-0.04346576868703337, -0.02907597632621884, -0.006925930103228453, 0.008238491654018899, 0.014467757780577304, 0.0358835039524954, 0.04379711264917696], [-0.04863040353374781, -0.022510494644892753, -0.017059153313438255, 0.0034102389140017917, 0.020019799228647325, 0.03844331722678728, 0.04254905578401695], [-0.043451437628729626, -0.029084363165432277, -0.006921826077794089, 0.00825456867907009, 0.014475758277887845, 0.03588894750785922, 0.0438110568532194], [-0.04344781208612793, -0.02908164429649128, -0.007049647135446061, 0.00815997620151426, 0.014403332909107357, 0.03578466735362747, 0.04388437204462532]], "g_best": [-0.04346576868703337, -0.02907597632621884, -0.006925930103228453, 0.008238491654018899, 0.014467757780577304, 0.0358835039524954, 0.04379711264917696], "r": [0.26557364281939266, 0.33544267858527643], "qde_particulas": 15, "condicao_voo": {"Velocidade": 20, "Viscosidade": 1.789e-05, "Temperatura": 288.2, "Densidade do Ar": 1.225, "Diametro da Helice": 2.4383999999999997, "Numero de pas": 2, "Rotacao do Motor": 1000.0},