{"eficiencia": [0.9716786105590095, 0.969018354980516, 0.9690419884166458, 0.9690151372612067, 0.9716967371434901, 0.9690362630691428, 0.9717000686391817, 0.9717010012283679, 0.9690250191964348, 0.9663057527228304, 0.9690353519250181, 0.9717003337856975, 0.9690167064805977, 0.9716872953149756, 0.9690346944534328], "matriz_v": [[-4.895301203777746e-05, -9.613406646870716e-05, -0.0007322412646008637, 0.0007112172539056696, 0.0006539714529975057, -0.0006746477665182755, 0.00016349683061103292], [-0.0001647217862879467, -6.400600825363589e-05, 0.00014904586098704565, 6.496583980096615e-05, 0.000352575969080577, 0.00010335368560179277, 8.117629075922403e-06], [-0.00020464226632358612, -1.9226978448084065e-05, 3.1622813425161703e-05, 0.00015378552396473491, 0.0003214845047504306, 3.0721786399900215e-05, 5.9860004814293725e-05], [-0.00018368850738742374, -2.1917863414530018e-05, 0.00012705598012849296, 0.00010429299267037252, 0.0003465989387668447, 4.8123658809778066e-05, 3.644940467453756e-05], [-4.67384962233394e-05, -1.966265943134856e-05, -1.8475300132648588e-05, 2.9259967195572526e-05, 6.257135223604446e-05, -1.996763720416782e-06, 1.4512106894913557e-05], [-0.00026438456779186246, -8.95066897542505e-06, 2.8828444866978815e-05, 0.00020666160219530482, 0.00040224465786328854, 3.36531640788812e-05, 7.964622406984563e-05], [-3.404782881314565e-05, -2.7091373153374718e-05, -1.817716473077179e-05, 1.543693017920325e-05, 4.6949978850765946e-05, -2.2270893710197946e-06, 9.75071308724864e-06], [-4.69224999192604e-06, -1.9740063047296016e-06, -1.854861045501822e-06, 2.937532748334484e-06, 6.281756042468195e-06, -2.0046773390702885e-07, 1.456968154736454e-06], [-8.917274391112909e-05, -3.2839390159223074e-05, 1.8032159544499864e-05, 5.506430379181187e-05, 0.00020887508772825768, 4.038796084070097e-05, 3.68934940268661e-05], [-1.489505351306064e-05, -0.00010759258082172524, 0.00014193157106689438, -2.8513950441447363e-05, 0.00012030766389555534, 4.299801379866131e-05, -4.443832450059577e-05], [-0.000190206911183639, -9.052377529946917e-05, 4.144582378896785e-05, 0.00013490410569641943, 0.0003792255580417881, 5.640322021637867e-05, 5.315527427660917e-05], [0.0, 0.0, 0.0, 0.0, 0.0, 0.0, 0.0], [-2.2616427948127064e-05, 9.468129276642151e-06, 5.7036174669419256e-06, 1.7617103130570697e-06, 3.615410024311377e-05, 1.7175315878135197e-05, 1.1055281774275077e-05], [0.002188333529927179, 0.00043286789380026316, -0.0007282648907128745, -0.001051169751342133, -0.0040648208615995, 0.00010040632612902704, -0.0005975737184198448], [-0.0001522506362542043, -9.36954171787273e-05, 8.207864728280003e-05, 7.159684397816302e-05, 0.0003209161146074096, 3.886035007903422e-05, 5.2900038633471244e-05]], "matriz_pso": [[-0.05825693965676369, -0.03139267781017731, -0.002770319363802272, 0.007653311566646299, 0.04028816786202173, 0.043695964863831246, 0.04407930730468028], [-0.05792944554927868, -0.031272485166265636, -0.0032134418484265283, 0.007579763601030897, 0.03955266102191585, 0.043398914699943475, 0.04409242783087946], [-0.05697351993911346, -0.031217452342966048, -0.002946130939685893, 0.006752015779482812, 0.03832398301398504, 0.04348509264634956, 0.04371223416700041], [-0.05689379426368064, -0.031198883629525758, -0.003588630958084556, 0.0068997878790015175, 0.03783214591081735, 0.04335931429885081, 0.04379537069287576], [-0.058263319330529265, -0.03139942074530007, -0.0028146506988530806, 0.0076960337204069, 0.0403286402828795, 0.04365688074387699, 0.044090020008415144], [-0.05655088543056765, -0.031284909415629926, -0.002922332723902841, 0.006379954125458059, 0.03775325596898963, 0.04346575631037429, 0.0435722189747868], [-0.05824653729238113, -0.031394595488272614, -0.002805781642300309, 0.007683625542050755, 0.04030708533523469, 0.043657743212597175, 0.044082323164964556], [-0.05824659296688447, -0.0313923840429339, -0.0028080391203865185, 0.007685562477863496, 0.04030624775105438, 0.0436575953098898, 0.04408482669654676], [-0.05757720208401691, -0.031131170548795502, -0.002872783693655986, 0.007277239602249708, 0.038843641191186364, 0.04340669715284118, 0.043820236429864365], [-0.058024744655542415, -0.03070166538490775, -0.00358730591367643, 0.007769499767041762, 0.039422222872107955, 0.04340997032234805, 0.04430570604352539], [-0.05704657467160549, -0.03087041768485151, -0.002953674229878677, 0.00683583217152627, 0.038063412846757044, 0.04337787871464381, 0.04373847140024414], [-0.058244826232259996, -0.03139164078643787, -0.0028073407246833235, 0.0076844564326131485, 0.04030388253267901, 0.04365767079037085, 0.044084278116208936], [-0.05760885208528807, -0.03152995586355179, -0.0027696306854840284, 0.007537021815286132, 0.03937451746079483, 0.04334814580126597, 0.043774393774456334], [-0.057256240695081506, -0.03119588887475321, -0.0031367759365605527, 0.0072097787046847975, 0.03846749877240882, 0.043702367179629845, 0.04381454640524387], [-0.057101492221699315, -0.03070790056313997, -0.003272185125215543, 0.007114107704899566, 0.038000690606875207, 0.04343073439344552, 0.04367734388245044]], "p_best": [[-0.05825693965676369, -0.03139267781017731, -0.002770319363802272, 0.007653311566646299, 0.04028816786202173, 0.043695964863831246, 0.04407930730468028], [-0.05648772451418066, -0.03072339653664362, -0.004912515156502996, 0.007075344290428297, 0.03621767701262744, 0.04229550818081449, 0.044098752514633174], [-0.05206940466610541, -0.03055451365616449, -0.0034813321840084363, 0.003150783645562816, 0.03068967110381525, 0.04282029815890215, 0.04227629104774514], [-0.05177456095896453, -0.030465386391799708, -0.006563418839485422, 0.003933445285057319, 0.028459007865430506, 0.04221655269965596, 0.04270541210458941], [-0.05821658083430593, -0.03137975808586872, -0.002796175398720432, 0.0076667737532113275, 0.04026606893064345, 0.04365887750759741, 0.04407550790152023], [-0.050045458708571085, -0.030880298753307545, -0.0033694734490616616, 0.0013679792709905534, 0.027956217098229673, 0.04272696587328014, 0.0416057968985732], [-0.05824653729238113, -0.031394595488272614, -0.002805781642300309, 0.007683625542050755, 0.04030708533523469, 0.043657743212597175, 0.044082323164964556], [-0.05824659296688447, -0.0313923840429339, -0.0028080391203865185, 0.007685562477863496, 0.04030624775105438, 0.0436575953098898, 0.04408482669654676], [-0.05503793039334883, -0.030141098808043457, -0.0031205878066136645, 0.005727893432997661, 0.033292655264016494, 0.04245357426114262, 0.04281614608754395], [-0.05719088671800133, -0.028052068753121034, -0.0065933862672782765, 0.008104897031070875, 0.036047466339247734, 0.04245625494090892, 0.04516191139055679], [-0.052428351515969106, -0.028842491024132045, -0.0035395137376351025, 0.0035684857300353435, 0.029393537812699416, 0.042282117808253555, 0.04240905823564993], [-0.058244826232259996, -0.03139164078643787, -0.0028073407246833235, 0.0076844564326131485, 0.04030388253267901, 0.04365767079037085, 0.044084278116208936], [-0.05524244104824068, -0.03204971013528872, -0.0026597215494506164, 0.0069955777631541425, 0.03590214292183473, 0.042177925200409555, 0.04262723059425227], [-0.057256240695081506, -0.03119588887475321, -0.0031367759365605527, 0.0072097787046847975, 0.03846749877240882, 0.043702367179629845, 0.04381454640524387], [-0.052761350645993695, -0.028113135800105583, -0.0050374701315687885, 0.004949725253469877, 0.029258458207202055, 0.04256778651595067, 0.04213376828237141]], "g_best": [-0.05824659296688447, -0.0313923840429339, -0.0028080391203865185, 0.007685562477863496, 0.04030624775105438, 0.0436575953098898, 0.04408482669654676], "r": [0.8024347019216534, 0.47173689203333513], "qde_particulas": 15, "condicao_voo": {"Velocidade": 20, "Viscosidade": 1.789e-05, "Temperatura": 288.2, "Densidade do Ar": 1.225, "Diametro da Helice": 2.4383999999999997, "Numero de pas": 2, "Rotacao do Motor": 1000.0}, "condicoes_geometricas": {"raio": [0.254, 0.30479999999999996, 0.4572, 0.6095999999999999, 0.762, 0.9144, 1.0668, 1.2191999999999998],