{
    "optimization": {
        "quantityOfParticles": 10,
        "maximumIterations": 10,
        "tolerance": 0.0001,
        "constantHyperParameters": false,
        "xfoilInstances": 10
    },
    "flightConditions": {
        "speed": 20.0,
        "viscosity": 1.789e-5,
        "temperature": 288.2,
        "airDensity": 1.225,
        "engineSpin": 1000
    },
    "propellerGeometricConditions": {
        "airfoil": "clarckY",
        "bladeDiameter": 2.4384,
        "numberOfBlades": 2,
        "AoAInMaximumEfficiency": 5.0,
        "radius": [
            0.254,
            0.3048,
            0.4572,
            0.6096,
            0.762,
            0.9144,
            1.0668,
            1.2192
        ],
        "chord": [
            0.122428,
            0.139192,
            0.174244,
            0.185166,
            0.179324,
            0.16129,
            0.128524,
            0
        ]
    },
    "airfoilGeometry": {
        "xPoints": [
            1.000000,
            0.331319,
            0.000270,
            0.329398,
            1.000000
        ],
        "yPoints": [
            0.000000,
            0.079169,
            0.001311,
           -0.021837,
            0.000000
        ]
    }
}