{"eficiencia": [0.9616460489229086, 0.9617710729027361, 0.961497885757078, 0.9614836759620273, 0.9615977362820531, 0.9617190151984547, 0.9615799908950444, 0.9616842027213534, 0.9616738412893145, 0.9614681677977722, 0.9617581003532818, 0.9615421496953289, 0.9615818800877354, 0.9614980562939234, 0.9614463468082162], "matriz_v": [[9.126800056465968e-05, -0.0004500264286506758, -0.00037839821961045564, -0.00021144426949054737, 3.028908989864302e-05, -0.00013582063845009405, -0.00024826048292171123], [0.0001282093229089292, -0.0002710914585370085, -0.0005438351769980202, -5.1941481671267335e-05, -9.349401272308318e-06, -6.084285013574606e-05, 0.00011870226860447768], [0.0, 0.0, 0.0, 0.0, 0.0, 0.0, 0.0], [0.0007919551107061669, -0.0010314455339770232, -0.0008453046085722664, -0.00022034943705565913, 0.00038404359285401125, -0.0005285484867705648, -0.0011439948786547422], [3.364810976006611e-05, -0.0005586298120893334, -0.0003549019114468608, -0.00021391759786475775, 6.995109254120957e-05, -0.0001555530634174333, -0.0002385361380765566], [-0.00012163825600905746, 0.0001572946130856778, -0.00043264471523304015, 2.7633294796617345e-05, 0.00010567403692576715, 5.3082882458148524e-05, 0.00029840915687548474], [0.00031438071614563017, -0.0005565246864690241, -0.00033562703901895096, -0.0001593486975956359, 5.9527793116516745e-05, -0.0001418365079433045, -0.0003595709053379728], [0.00034361512604093954, -0.0009888989353087556, -0.00031128076591765063, -0.00033737499596178644, 8.06990615575428e-05, -0.0003984555865343967, -0.0006058002208659007], [9.102802413923764e-05, -0.0005186905547105141, -0.0003347332562299339, -0.0001986986863099394, 8.44275914660584e-05, -0.00013522012686176602, -0.00027391113190123164], [0.0007172645022184325, -0.0017186393550392143, -0.0005485060429490785, -0.0008278182769026693, 0.0004193064097359481, -0.0005267621962114402, -0.0010430451294029736], [0.0003587834964655088, -0.0010367148736656353, -0.0003171830600561036, -0.0003514196704143198, 8.37777983223454e-05, -0.0004205693899964819, -0.0006359127529191532], [0.00010898509251962112, -0.0004381960697305053, -0.0003481997929101633, -0.0002577145292743786, 5.4445227268865875e-05, -0.00017381521139557337, -0.0002330630297396844], [0.00016963330528596164, -0.0004713112432461518, -0.0004576958274874531, -0.00016486533485294728, 1.79480483353147e-05, -0.00021849040289824816, -0.00017776800478886963], [2.835078047879383e-05, -9.329796346159593e-05, -5.986883875311528e-05, -3.629373473370179e-05, 2.1275048796886876e-05, -3.870451435413681e-05, -4.995256280418634e-05], [-0.00038519536312487627, 0.0005957465886366073, 0.00013333574307544227, 0.00023492859835656365, -0.00023694827188449146, 0.0002421853588913798, 0.0002131262451481648]], "matriz_pso": [[-0.06303069384740075, 0.018174402406686163, -0.003566210098902373, 0.018602198955039402, 0.012877138844306016, 0.04864562233802982, 0.07479874425194338], [-0.06271999165833907, 0.019142367904615484, -0.004170920144783111, 0.019148206427214737, 0.013001255839148846, 0.04909569179251717, 0.07633915093335242], [-0.0614660857484209, 0.015429184488506525, -0.004082394092107484, 0.017971817209237226, 0.013131966759214856, 0.04745865153457106, 0.07360767982037805], [-0.06174213604244298, 0.016002684522030405, -0.00368573315419702, 0.018159658441822126, 0.01302862261504471, 0.04769050403629889, 0.07402191248466601], [-0.0637286715852991, 0.016858836846909392, -0.0032815879000057096, 0.018572238326520222, 0.013357583956200765, 0.04840659388536127, 0.07491653996663111], [-0.062432792012605265, 0.0186499383660138, -0.0042987335155036735, 0.019056735268238957, 0.012869036464261827, 0.04896473422957968, 0.07613257797046487], [-0.06242392250845037, 0.017112493551276493, -0.003067784278552026, 0.018450806747418058, 0.012951011913521833, 0.047885031649813926, 0.07469915010053219], [-0.062499139093284604, 0.018400652324494286, -0.0031511753240710204, 0.018984966126662173, 0.012891327982931222, 0.04865579026345256, 0.07542897728617272], [-0.06303360079845957, 0.017342640480157316, -0.003037275178336336, 0.018756592397865684, 0.013532944822581465, 0.0486528966267199, 0.07448802547583416], [-0.06166093549348301, 0.015631022495958123, -0.004384016747493406, 0.018180494911595173, 0.012879652516385327, 0.047473362500980734, 0.07384455365336771], [-0.062549743701718, 0.018560175514507043, -0.0031314841327713255, 0.019031821868666803, 0.012881056723455657, 0.04872956617568618, 0.07552943849926544], [-0.06281607810286943, 0.018317709293289474, -0.003200401881253348, 0.018041704813087436, 0.0131697538750288, 0.048185375612348966, 0.0749828383875915], [-0.06208141682942497, 0.017916569104062988, -0.004526780558059242, 0.019166432225496664, 0.012727645810678203, 0.047644203307615665, 0.07565265389562663], [-0.06157159387503757, 0.015776395153459626, -0.0038595907366838146, 0.018106885235408116, 0.01305279114202448, 0.047602691336373536, 0.07379357951104482], [-0.06180207504761643, 0.01522294282382257, -0.004711385434393707, 0.017897727896317196, 0.01274308811541832, 0.04746403256997334, 0.07330792269069104]], "p_best": [[-0.06462872272131595, 0.021282423566960123, -0.0026735630177845164, 0.01942931900097854, 0.012600683946594995, 0.049927807096690764, 0.07620283581867515], [-0.06405845843042914, 0.022992040784052273, -0.00368530574313811, 0.0203322219227188, 0.012885562801615251, 0.05073134353534916, 0.07883724059885933], [-0.0614660857484209, 0.015429184488506525, -0.004082394092107484, 0.017971817209237226, 0.013131966759214856, 0.04745865153457106, 0.07360767982037805], [-0.06319952582331938, 0.01788009768770819, -0.0021400351032018253, 0.01855441469805352, 0.012318936833652342, 0.048658555671965795, 0.0761256443136058], [-0.06593641050600496, 0.018817661556558875, -0.002140312524911776, 0.01937318662624965, 0.01350081609970646, 0.04947997821795179, 0.07642353056124629], [-0.06323335262836745, 0.02157732291986865, -0.004052505199436705, 0.020069431264327173, 0.012505705183457299, 0.05035511102041168, 0.07824376998439499], [-0.06407155452855169, 0.01935599575606225, -0.001745186640289352, 0.01892928583292971, 0.012661565743671771, 0.048312616919923904, 0.07636159939066671], [-0.06354043358040004, 0.021310608242401437, -0.0024613813658106937, 0.019944629395972135, 0.012755171289517616, 0.049820047409434326, 0.0772650255236339], [-0.06463416900446214, 0.019724086026902957, -0.0016825833676278297, 0.019718580976336008, 0.013829361338941469, 0.04994143575265759, 0.07562069239786204], [-0.06224107736497072, 0.016886030786290442, -0.004170020898528412, 0.018841797223545644, 0.012469971634172098, 0.04783399214618528, 0.07466450983073236], [-0.06391126077474624, 0.022479583535698473, -0.0023170856297293884, 0.0202879851472465, 0.012679904185361674, 0.05036067237207868, 0.0780011985905758], [-0.06422663197789114, 0.02155091445842786, -0.0019882074372485677, 0.018379211951680244, 0.013148909313273258, 0.04906551738680946, 0.07654774316936631], [-0.06285021619698075, 0.020799363088066368, -0.004473228232831092, 0.020486431449455444, 0.012320603073872853, 0.04805161053292812, 0.07780266794746915], [-0.061819068780613474, 0.016590796179045037, -0.0033369936523303767, 0.018423694452809967, 0.012867080533596283, 0.04794054432925008, 0.07422961709288428], [-0.062368265585528125, 0.015845141605715204, -0.004775652024473975, 0.01814561615426136, 0.012331179683494713, 0.04774812780564931, 0.07345160253005491]], "g_best": [-0.0614660857484209, 0.015429184488506525, -0.004082394092107484, 0.017971817209237226, 0.013131966759214856, 0.04745865153457106, 0.07360767982037805], "r": [0.5333098929551061, 0.39353562440667644], "qde_particulas": 15, "condicao_voo": {"Velocidade": 20, "Viscosidade": 1.789e-05, "Temperatura": 288.2, "Densidade do Ar": 1.225, "Diametro da Helice": 2.4383999999999997, "Numero de pas": 2, "Rotacao do Motor": 1000.0}, "condicoes_geometricas": {"raio": [0.254, 0.30479999999999996, 0.4572, 0.6095999999999999, 0.762, 0.9144, 1.0668, 1.2191999999999998],