{"eficiencia": [0.9656612726536724, 0.9656438391927825, 0.968205923593326, 0.9684547211331244, 0.9685880999491367, 0.9623965543910515, 0.9656740572956057, 0.9681982867484862, 0.9666693461937267, 0.965752560606764, 0.9653794645661828, 0.9682162091347827, 0.9682744937590568, 0.9682262898241054, 0.9681924110566945], "matriz_v": [[-6.278929261326673e-05, -0.0005891154809440685, -0.0006910047179549549, 0.0014891325032774423, 0.0009677927270179595, -0.00027181279142510136, 0.001363188028769874], [0.000336124422516452, 0.0005672717350240654, 0.00031250427821548127, -0.0001342796852808522, -0.00042858707482830644, 7.520006403218554e-05, 0.00059822945708168], [0.0018607945210307594, -0.0018420008132955228, -7.301988665756966e-05, 0.0021730623970150197, 0.002019021721279114, -0.0025111883369991505, -0.0004109260810800048], [0.00040454253541478594, 0.0019857470689382, 0.0038234557546353593, 0.008342416326654292, 0.000623830681999984, -0.0017587608381641538, -0.0002552637678252768], [-0.00940212922065715, -0.013201602113726183, 0.001453153193331884, -0.005877423116626599, 0.009945587539065352, 0.003074012606882655, -0.0017310611162387917], [-0.00198821137017979, 0.03050996749211042, 0.18449509820139978, 0.27028250197591286, 0.03352246751712955, 1.803381045956332e-05, -0.10288545925138501], [-0.0009068021425625125, 0.001030941317069573, 0.0013040038015373326, 0.0033986583584456357, 4.213126476412549e-06, -0.0006880147565203636, 0.0006340487653175398], [9.232918311471343e-05, 0.00016486079058994642, 0.00020522109185914936, 0.0005043579822169924, 7.809196609938827e-06, -0.0001387195848574821, 4.1906832628756525e-05], [0.059916960472411775, 0.07410764717015439, 0.0005952409614699649, 0.023031832999104808, -0.05140079371416564, -0.02300943338201957, -0.0019701074518436532], [0.00245735663903248, 0.0025912585245530116, 0.00046692232361344896, 0.004786478003393503, -0.0008172178415362533, -0.0014048308867938854, 0.0011820645836368691], [-0.043114708719726676, -0.015099843443048763, -0.02016895055924791, 0.01266643703153634, -0.03426004735071753, -0.005406191500534306, 0.0433827134557931], [-0.00025261765155934317, -0.002017983929176932, -0.0007295874180763035, 9.376653719728374e-06, 0.0010608909858176093, 0.00031344945234845187, 0.00024874815342283663], [-0.003275966662011705, -0.0031231940593004263, 0.0003188392076402935, -0.0009316337932496235, 0.003133859014670076, 0.0010563762916069514, -0.0003254075099567868], [0.002985692751927281, 0.0024867990231361233, -0.001189052747647491, 0.003777608466790577, -0.0010917763561744548, -0.0009580677542511811, 0.0017362990004084903], [0.0, 0.0, 0.0, 0.0, 0.0, 0.0, 0.0]], "matriz_pso": [[-0.05045440859868132, -0.027465520433183444, -0.010389512149644932, 0.023777616761300243, 0.0199895172921352, 0.033504598756612686, 0.043403385548218716], [-0.050309280294812665, -0.02662769643680017, -0.00958290051316897, 0.022748280518881288, 0.018998104670892205, 0.03380710409358285, 0.04293543666476132], [-0.04919527778886021, -0.028340737777242365, -0.010029175707298818, 0.02416501609200427, 0.020702082188183403, 0.032021689245705726, 0.04223754571727429], [-0.05012316054085209, -0.025842962442684275, -0.007459408844083611, 0.028260013054225687, 0.019838814959238057, 0.03251922010247027, 0.042307660213500214], [-0.05657470192976189, -0.03577190378641857, -0.00905441051188585, 0.018823494586692288, 0.02588006215663497, 0.03570953360864568, 0.04140218669094054], [-0.05169477941937425, -0.007157032556021389, 0.1105597585450666, 0.19931827870364333, 0.04125087399079426, 0.03370101786252259, -0.001089168739107041], [-0.050988400242730644, -0.02643497090976435, -0.009152695928027196, 0.024950322082532686, 0.019369025525851992, 0.03323765680060159, 0.04296253964628331], [-0.050371958732689764, -0.02705361851895408, -0.009957142775631108, 0.022814688737630758, 0.019345667440177662, 0.03365389337671101, 0.04255053524124175], [-0.011259969129725315, 0.02130874278722872, -0.009620801282946853, 0.037729042935152515, -0.014229601050155333, 0.018660427190813726, 0.04125294974733982], [-0.0489039059901064, -0.025508686104992247, -0.009676278480800318, 0.02580469898233574, 0.018891150597525472, 0.03280669570585271, 0.04329190989282488], [-0.07847018955739896, -0.03692801361391129, -0.02314282866523716, 0.030933958279257073, -0.0029654019299457032, 0.03016891410558143, 0.0707891655690221], [-0.05059104224906235, -0.02837365632921591, -0.010396117371211667, 0.022848120157370217, 0.020038868126082604, 0.033876906235858664, 0.04268221525412121], [-0.05251015488046722, -0.029145056754083333, -0.009774800580370157, 0.022184790995335827, 0.021393339652256024, 0.03436428093784712, 0.04233566856429171], [-0.04848732365888185, -0.025481653185908844, -0.010701528263584814, 0.02520908079021584, 0.0186575742109102, 0.03304635801884429, 0.04364622488927748], [-0.05039549570865113, -0.027095645582709056, -0.010009458671245596, 0.022686115503218786, 0.019343676684203084, 0.033689256405212344, 0.04253985216056221]], "p_best": [[-0.050714459115971534, -0.026826782668962254, -0.008734705179362569, 0.024798629061972045, 0.01958354274472385, 0.033563605823703706, 0.04205431020530895], [-0.05277506417869553, -0.02536077658859744, -0.006043716150395763, 0.025359742106096563, 0.018175168745075555, 0.03491469020469526, 0.0426233077591788], [-0.05067539773706535, -0.027835103480503325, -0.009510132601942093, 0.023737340119661356, 0.020041067233178306, 0.03321370173252373, 0.04193716609099814], [-0.05012316054085209, -0.025842962442684275, -0.007459408844083611, 0.028260013054225687, 0.019838814959238057, 0.03251922010247027, 0.042307660213500214], [-0.05657470192976189, -0.03577190378641857, -0.00905441051188585, 0.018823494586692288, 0.02588006215663497, 0.03570953360864568, 0.04140218669094054], [-0.050397511310017545, -0.027055086926083095, -0.009772073129164002, 0.023035680206863193, 0.019386118140960966, 0.03368885511407635, 0.042408689731860655], [-0.05040203302449248, -0.02732715269949556, -0.009926016786436965, 0.02346011791500551, 0.01974667506963064, 0.033653133826826845, 0.04268924981112701], [-0.051051725293405154, -0.0282673935013981, -0.011468067394378815, 0.01910139160480751, 0.019288172826427828, 0.03467520572806313, 0.042241999385903166], [-0.0506884857503719, -0.027457423211427863, -0.010014720448393799, 0.022562650045154353, 0.019591562753529107, 0.03380311806899002, 0.042547673682404176], [-0.052431152569179046, -0.02899088108161243, -0.009508722629042897, 0.02252421000044596, 0.020796775705185396, 0.0343207547351677, 0.042176963630159416], [-0.048646869871010384, -0.026481695693154016, -0.009193200656421315, 0.022171180469798376, 0.02072950117972531, 0.03390796693085763, 0.040782186794338905], [-0.05093905257931137, -0.02637128386620344, -0.008402863235685771, 0.025466204753768835, 0.019378742455366176, 0.03338303504018485, 0.042179973603189105], [-0.05251015488046722, -0.029145056754083333, -0.009774800580370157, 0.022184790995335827, 0.021393339652256024, 0.03436428093784712, 0.04233566856429171], [-0.05115865516298121, -0.02729136553323487, -0.008495236214702575, 0.023658777844932387, 0.01983065452814704, 0.033388529306192856, 0.04203709685886786], [-0.05039549570865113, -0.027095645582709056, -0.010009458671245596, 0.022686115503218786, 0.019343676684203084, 0.033689256405212344, 0.04253985216056221]], "g_best": [-0.05039549570865113, -0.027095645582709056, -0.010009458671245596, 0.022686115503218786, 0.019343676684203084, 0.033689256405212344, 0.04253985216056221], "r": [0.35052263704807873, 0.9640032098325559], "qde_particulas": 15, "condicao_voo": {"Velocidade": 20, "Viscosidade": 1.789e-05, "Temperatura": 288.2, "Densidade do Ar": 1.225, "Diametro da Helice": 2.4383999999999997, "Numero de pas": 2, "Rotacao do Motor": 1000.0}, "condicoes_geometricas": {"raio": [0.254, 0.30479999999999996, 0.4572, 0.6095999999999999, 0.762, 0.9144, 1.0668, 1.2191999999999998],