{"eficiencia": [0.9677545350506901, 0.967789966346822, 0.9699149294279478, 0.9677701554733925, 0.9677199749817232, 0.9677699641400235, 0.9677900919393819, 0.967778408826153, 0.9669755845727416, 0.9677762370525864, 0.9677630877920091, 0.9677685329421227, 0.9677548374088675, 0.9677871535651418, 0.9677585058616774], "matriz_v": [[2.3631980629846753e-05, -4.348118491235757e-06, -7.465933015546537e-06, -1.7207849695427232e-05, 9.315718546496968e-08, -2.024872315251086e-05, 1.3402468897346987e-05], [-0.00035550674625287526, 0.0003515224204093322, 0.00020522063783555533, 0.00034450433113133625, 0.00010097410299641944, -0.000154006477757965, -0.0003561581365555558], [0.0, 0.0, 0.0, 0.0, 0.0, 0.0, 0.0], [2.7107236992299032e-05, -4.679121092807694e-06, 1.2138465890738658e-05, -4.156131832559466e-05, 1.3696789333949845e-05, -3.8047601297126304e-05, 1.1100338259420935e-06], [-0.00010431499759090256, 4.868046401112705e-05, 0.00014385176660941946, 8.908103196758686e-05, -9.424011028087958e-05, 6.087230916231289e-05, -4.72459799349328e-05], [-1.5377711792021495e-05, 9.316758057144267e-07, 3.0267952697312512e-06, -8.592656993793714e-06, -5.1479229003021705e-06, -3.9232567441846894e-05, -5.836585228380408e-06], [2.6760456158407916e-05, -5.680852889057149e-06, 1.0830704396583328e-05, -5.1113431137264165e-05, 1.1674541693576798e-05, -4.444173263736347e-05, 6.676966665814352e-06], [-5.938735444749001e-07, 3.5234305235405373e-07, -5.717578557737878e-07, 1.5692170859015397e-06, -4.5559385713859617e-07, 1.5302548517945552e-06, -1.3438750913605238e-07], [2.5935660388085404e-05, -6.923289829309398e-06, 8.63631150103279e-06, -5.4025246561982174e-05, 1.4226240591486182e-05, -4.8136502014353456e-05, 8.960526778692324e-06], [-9.370455413711964e-05, -4.166485018600291e-05, 0.0002131857337227165, -0.0004074299097089606, -0.0004890766067879436, 0.0006636565087620574, -0.0004629940241074724], [4.3565859101220304e-08, 3.769137945336107e-06, 3.0661116773602042e-06, 3.918858599339005e-08, 4.3685028962301347e-07, 5.4373467916459325e-06, -2.1003426055427756e-06], [-1.6245075123705072e-05, -2.610515923247094e-05, -2.358822099131644e-06, 2.0043422532838942e-05, 2.2059894764518446e-05, -4.646836686568481e-05, -3.919829581999156e-06], [-1.2491540350225515e-06, -3.261555881429044e-06, 5.325264028744296e-07, 1.1127148380393025e-06, 1.775114932743521e-06, 4.2041043620222275e-06, -2.074716974153239e-06], [2.6909611898680416e-05, -6.227305887721816e-06, 9.994940183496031e-06, -5.288162386681895e-05, 1.2533100805911656e-05, -4.61239741221482e-05, 7.650509753853321e-06], [-0.0001275646778942235, -4.905735096073332e-05, 1.656093367785287e-05, 0.00015531219033815844, -2.1077683916311443e-06, -3.603710329502059e-05, -0.000125817588968355]], "matriz_pso": [[-0.045500901552020315, -0.02824352838749357, -0.008976656809090175, 0.002205743739664477, 0.015336384503410782, 0.03706571477110018, 0.04107433595246329], [-0.04494168731791381, -0.028694894080236694, -0.009267314818198674, 0.0016950786708853382, 0.015213388453556617, 0.0371466688718273, 0.04158002273002631], [-0.04537462708004501, -0.02826641552946126, -0.00901698797435343, 0.0021142356165686662, 0.015336663036842675, 0.036958216055952266, 0.04114594394458355], [-0.04571639626245328, -0.028205836914538873, -0.009172288181434165, 0.0026419526251621234, 0.015162927096033663, 0.03744206227451567, 0.041131643296111076], [-0.04372725533000755, -0.02903638202041249, -0.011295066809957371, 0.0007109881453076046, 0.016826933820057066, 0.03600036267272704, 0.041892789222894494], [-0.0451843162168738, -0.028276098197643512, -0.009058204032638996, 0.0022289864955463705, 0.015398911204064714, 0.037456849014449754, 0.04121868533354814], [-0.0457153160565718, -0.028194428091618286, -0.009154340924032863, 0.0027643367071604292, 0.015188307944840086, 0.03752321612426137, 0.041060891527144865], [-0.045507345517216746, -0.02818767415481675, -0.009144764013150392, 0.0024649231344125574, 0.015234847245808841, 0.03730019632143976, 0.04111591111966056], [-0.04570486552001144, -0.028178630766364662, -0.009126448920652553, 0.0028013946547739603, 0.015155882468239469, 0.03757019842808018, 0.041031858740631], [-0.045265345416341675, -0.028217860832561413, -0.009265533855708252, 0.002589264123828469, 0.01590700607543636, 0.036184235788439906, 0.041685841657310985], [-0.04537505235687881, -0.028132095869654455, -0.008916762018730425, 0.0021254162306655533, 0.01534821643075554, 0.03715770973992897, 0.04107314180661849], [-0.04517905774233548, -0.02794000611590134, -0.008991907537532953, 0.0018794337278041234, 0.015059276161080215, 0.03754767044539488, 0.04119311365878629], [-0.04541986208209812, -0.02837580857364984, -0.00900458426982493, 0.0021626265431573676, 0.015394606904469949, 0.03711497030577943, 0.0410740274536596], [-0.045717228488432404, -0.028187465320649717, -0.00914369483414458, 0.00278687794515132, 0.015177374537889437, 0.037544652167812616, 0.041048487596311044], [-0.04533018707162033, -0.02824932537143108, -0.009022762713190123, 0.002060134352255527, 0.015337396178923435, 0.03697076425421807, 0.041189767455703755]], "p_best": [[-0.0448230235887444, -0.02836567433276308, -0.009194074760861037, 0.0017154141647179257, 0.015337424871292131, 0.0364900782118097, 0.04145873515076665], [-0.04494168731791381, -0.028694894080236694, -0.009267314818198674, 0.0016950786708853382, 0.015213388453556617, 0.0371466688718273, 0.04158002273002631], [-0.04537462708004501, -0.02826641552946126, -0.00901698797435343, 0.0021142356165686662, 0.015336663036842675, 0.036958216055952266, 0.04114594394458355], [-0.04615018321801085, -0.028128889979142917, -0.009369548399284052, 0.003311733927481505, 0.014942315577307524, 0.03805625759951946, 0.04111359515131881], [-0.041623383871795774, -0.030019563991468053, -0.014203630808390568, -0.001081551764428521, 0.018729920770980523, 0.03477664977485334, 0.042846501121931946], [-0.044942162447939804, -0.028288411265790757, -0.009110527724838348, 0.002374162006030679, 0.01547809391315469, 0.038089841481396526, 0.04131120322068656], [-0.04614756304223919, -0.028102919295274212, -0.009328884854805668, 0.003589475466109222, 0.014999940324852891, 0.03824046864554415, 0.04095300661594047], [-0.04565153885827822, -0.028102124760687935, -0.009283587633548307, 0.0028459312742313784, 0.015124228409459919, 0.03767174437541452, 0.04108328164134959], [-0.046123827377585316, -0.028067068668884414, -0.009265581603427905, 0.003673556996974108, 0.01492634374572945, 0.038347088676631266, 0.04088711813598548], [-0.045265345416341675, -0.028217860832561413, -0.009265533855708252, 0.002589264123828469, 0.01590700607543636, 0.036184235788439906, 0.041685841657310985], [-0.0453754274816953, -0.02798010648522461, -0.008802866413003936, 0.002137542801571869, 0.015361505023550685, 0.03738313969358107, 0.04099065274548093], [-0.04492998148103349, -0.02752524345441376, -0.00895995815805944, 0.0015801524470503182, 0.014706942524696532, 0.038296034771001165, 0.04125321210513092], [-0.04547100915573157, -0.028499959068350175, -0.008990196220123129, 0.002216914580443385, 0.01546045841172154, 0.0372919735921403, 0.04099254202499333], [-0.04615189480671597, -0.028087125601641443, -0.009304734696621112, 0.0036405999671840247, 0.014975136812348341, 0.03828909145256678, 0.04092487033371267], [-0.045202622393726105, -0.028200268020470345, -0.009039323646867976, 0.0019048221619173689, 0.015339503947315066, 0.037006801357513094, 0.04131558504467211]], "g_best": [-0.04537462708004501, -0.02826641552946126, -0.00901698797435343, 0.0021142356165686662, 0.015336663036842675, 0.036958216055952266, 0.04114594394458355], "r": [0.5960060142062727, 0.12397161552158942], "qde_particulas": 15, "condicao_voo": {"Velocidade": 20, "Viscosidade": 1.789e-05, "Temperatura": 288.2, "Densidade do Ar": 1.225, "Diametro da Helice": 2.4383999999999997, "Numero de pas": 2, "Rotacao do Motor": 1000.0},