{"eficiencia": [0.9681863191773858, 0.9682273436720291, 0.9681139080492935, 0.9710026335281235, 0.9682349761081583, 0.968100960485291, 0.9681677340348801, 0.9677853780079599, 0.9681995014765855, 0.9682026020957584, 0.9681615824640477, 0.9681404333260684, 0.9682099775180211, 0.968177381503192, 0.9678961635720903], "matriz_v": [[-2.2635388376534725e-05, 0.00018427737708086572, 0.00023371811538436477, 0.00016020684871058963, 6.126695288047139e-05, 0.0002100744108434931, -2.848582318699293e-06], [0.0002459759123879295, -0.00043779498567451686, -0.0008899381413968225, -0.0005847011360984977, -0.0002195986041489197, -0.0007881271479228589, -0.00019911746733694829], [0.00010359434613383496, -8.559714314617653e-06, -0.0001290667803991799, -5.2028834034557425e-05, -3.3209731789809766e-05, -0.0002119061147157846, -8.614524663209575e-06], [0.0, 0.0, 0.0, 0.0, 0.0, 0.0, 0.0], [-2.8939817415644302e-05, 8.03959115475508e-06, 1.493478779726349e-05, -0.00022067540202159422, 6.158076875527948e-05, -0.00014264182973564498, -0.00013894522127508362], [-7.930492147716975e-05, 0.00012124863924812667, 0.000283412983374654, 9.183758792607913e-05, 6.504098031689284e-05, 0.00014815985991854786, -2.7903834347221433e-05], [-2.4234591929756877e-05, -0.00012201822453562783, -5.5163170022239994e-05, -9.272093277026231e-05, -8.138379268906465e-06, -4.6328121830165525e-05, -1.6369369309530567e-05], [-0.0010523359445144033, 0.001889524870886465, 0.0038375713597060823, 0.0025156951044993823, 0.0009557113071287193, 0.0033961202123240636, 0.0008545701519276526], [-4.564611382165627e-05, 3.938568815239744e-05, -8.208184624918218e-06, -0.00022419558959318998, -2.0103563950367356e-06, -9.831971508415674e-05, -5.8421796777248253e-05], [6.077224585379973e-05, 3.572852472889397e-05, -0.0001090061754169115, -0.0001701670290085572, -5.709511858081396e-05, -6.538396941869031e-05, -0.00011560044320596622], [2.49066245168685e-05, -9.363044942396022e-06, -0.00012130829167747068, -0.00022315121756924755, 2.105685210458219e-05, -9.466337171259564e-05, -1.2689684639087637e-05], [-4.8584633812008934e-05, 0.00012265697226830326, 0.0001967190100837286, 0.00013869923335039776, 3.8475661145842094e-05, 0.00017840517531484388, 2.6712865221543802e-05], [0.00016577132663906963, -5.876632843778969e-05, 1.5529500011486445e-06, -8.714722132423041e-05, 6.299211691331269e-06, -0.0001761304911686286, -7.304290320856246e-05], [-4.3928692324787116e-05, -0.00011815925573284089, -8.81167794720846e-05, -4.208929865469628e-05, 5.6956348224367705e-05, -0.00012794926606704581, -6.436679439492972e-05], [-0.00033345544884449854, 0.0006763089935480741, 0.0012119836675819045, 0.0010404416593576065, 0.00040783798395707996, 0.000794100180169865, 7.725058835337292e-05]], "matriz_pso": [[-0.06665944674888828, 0.010140835840096018, 0.07281042988422076, 0.054318089967780404, 0.04412053527946726, 0.10725216007450745, 0.06545759038712938], [-0.06681255454125531, 0.010269990558197575, 0.07306320884303519, 0.054642801935012836, 0.04405215649104326, 0.10754074233641753, 0.06558285703936201], [-0.06670279653597133, 0.009783190983598778, 0.07217474119643932, 0.05387034418842792, 0.04384783235498441, 0.10690650684068831, 0.0652364136407701], [-0.06615284401155386, 0.009080968151760394, 0.07064925137378193, 0.05306186175246332, 0.043448630530251775, 0.10540512274915118, 0.06504639436845489], [-0.0664330242920248, 0.009749403228317438, 0.07188162714083458, 0.054213622946608246, 0.0436548870392107, 0.10676551993524444, 0.06550170074515486], [-0.0663077871082132, 0.009464654882349842, 0.07124795102203736, 0.05351472953381843, 0.04362291486250246, 0.10607978133098113, 0.06524933597932824], [-0.06644260174136767, 0.010014134885740069, 0.0720243109807637, 0.05395317263426274, 0.043796799814791, 0.10656947414290979, 0.0652521985658465], [-0.0650460209685377, 0.007093608812424804, 0.06661298098666572, 0.05041591078464032, 0.04244343508604478, 0.1018331606514508, 0.06414757689390421], [-0.0663990187575363, 0.009685598495261873, 0.07192873447855583, 0.05422078826062894, 0.04378432627259356, 0.10667530262066104, 0.06533779595007962], [-0.06661563248880298, 0.009693042622548113, 0.07213390799331601, 0.054110813551951874, 0.04389645087129424, 0.10660826217028764, 0.0654541826336319], [-0.06654262829962282, 0.009784826156751747, 0.07215894885387623, 0.05421866244961642, 0.04373737315173882, 0.1066678601625841, 0.06524470859673981], [-0.0663223678304443, 0.009793270419904833, 0.07167223588044143, 0.053758248450855035, 0.043698171792606155, 0.10632247820930177, 0.06511104852326106], [-0.06682935728908959, 0.009885386150416339, 0.07190886576605916, 0.053941827388601996, 0.04376741221233282, 0.1068336858412991, 0.06536755709683097], [-0.06640251455543936, 0.010006279985196952, 0.0720913877927293, 0.053850112342604936, 0.04366430001070546, 0.1067356133378506, 0.06534989694581253], [-0.06541799745741758, 0.00759463050186868, 0.06793629945027022, 0.05126206929844255, 0.04266517246152251, 0.10329094168959989, 0.06474585536248864]], "p_best": [[-0.06757869358672897, 0.011851766327762317, 0.07651936231419221, 0.0564362323088493, 0.045291295928963214, 0.11040596546673201, 0.06623661215386026], [-0.06843658069558754, 0.013188454439457242, 0.07899002860686562, 0.05852726555425199, 0.04552945707537457, 0.11278542188976431, 0.06690207810846227], [-0.06789936556738997, 0.011119298187840031, 0.0752484993932209, 0.05547400062867555, 0.04465132040495317, 0.11006325870723266, 0.06560772258230979], [-0.06615284401155386, 0.009080968151760394, 0.07064925137378193, 0.05306186175246332, 0.043448630530251775, 0.10540512274915118, 0.06504639436845489], [-0.06691596701105312, 0.010996131959619316, 0.07418001312159064, 0.05672535188066934, 0.043947978422071314, 0.10954932029293303, 0.06657477149605381], [-0.0668330262173646, 0.010851220908329972, 0.0733037965974233, 0.055209929698842475, 0.04424134809389296, 0.10859222883466882, 0.06608796327252175], [-0.06695087960887781, 0.011961156107091244, 0.0747001373573023, 0.05577593448542078, 0.0444652919032132, 0.10883467616818004, 0.0656652632406998], [-0.06310350468048977, 0.0036057180323922546, 0.05952917385108871, 0.045772166796110604, 0.040679279076315605, 0.0955642321186974, 0.062570118242936], [-0.0667920069140682, 0.010763545087610562, 0.07435173311483474, 0.05675147154131555, 0.044419822201771965, 0.10922045185331888, 0.06597729068596114], [-0.06758162717853324, 0.01079068110397526, 0.07509965045155574, 0.05635058163446494, 0.044828549085157196, 0.10897606984741301, 0.06640155411242708], [-0.0673155056042895, 0.011125258871172255, 0.07519093169592733, 0.05674372233980325, 0.04424866437401109, 0.1091933219217092, 0.06563796011752164], [-0.06656640703978897, 0.010944974847458695, 0.07329440129924185, 0.05485510526227335, 0.044108616198515915, 0.10777404789915916, 0.06519143743741124], [-0.06836071644650442, 0.011491829394322918, 0.0742793058595336, 0.055734577754124645, 0.044358165516121574, 0.10979780491323678, 0.06608577875101204], [-0.0668047501175972, 0.011932522702329992, 0.07494465191182305, 0.05540024964642736, 0.043982291450140376, 0.10944030201784363, 0.06602140234681964], [-0.06455670887595273, 0.005850380425954517, 0.06477893081717437, 0.048890149232768354, 0.04168553261013191, 0.10100683496271888, 0.06446295892211543]], "g_best": [-0.06615284401155386, 0.009080968151760394, 0.07064925137378193, 0.05306186175246332, 0.043448630530251775, 0.10540512274915118, 0.06504639436845489], "r": [0.48332752113230504, 0.5060668004239894], "qde_particulas": 15, "condicao_voo": {"Velocidade": 20, "Viscosidade": 1.789e-05, "Temperatura": 288.2, "Densidade do Ar": 1.225, "Diametro da Helice": 2.4383999999999997, "Numero de pas": 2, "Rotacao do Motor": 1000.0}, "condicoes_geometricas": {"raio": [0.254, 0.30479999999999996, 0.4572, 0.6095999999999999, 0.762, 0.9144, 1.0668, 1.2191999999999998], "corda": [0.12242800000000001, 0.139192, 0.174244, 0.185166, 0.17932399999999998, 0.16129, 0.12852399999999997, 0.0]},