{"eficiencia": [0.9586534752114434, 0.9587210481411458, 0.958673620069893, 0.9586544591534204, 0.9582733996459061, 0.9587041971883573, 0.9581235268847744, 0.9586841528504298, 0.9586694247885679, 0.9588187866095834, 0.9587561921350095, 0.9586544591534204, 0.9586694247885679, 0.9587168159513144, 0.9587041971883573], "matriz_v": [[0.00017292175166426475, -6.06851998894074e-05, -0.00016852047441834545, 9.791434101677908e-05, 7.280368698894979e-05, 0.00017298417200180304, 6.893925788646637e-05], [7.815565060760536e-05, -9.607043134441526e-06, -5.3906226385134904e-05, 3.764135834884868e-05, -3.731317803740001e-05, 1.1812166352752524e-05, 6.772044521654981e-06], [7.786009281590321e-05, -9.799247960145857e-05, -6.828935012237674e-05, 8.509792665138383e-05, 0.00010653280572647361, 0.00013477121472029875, 9.098153431368964e-05], [-0.0001903204552659076, -0.00022643521577208838, 7.666092182157055e-05, -2.9131353617544808e-05, -1.6356065843138644e-05, 0.00017326443505910285, -0.00013298602458319516], [0.00012125833499743548, -5.739978690950786e-05, -1.4830681430076583e-05, 7.007892677211875e-05, 0.00010882264631256247, 0.00012574883299382105, 9.423330897197011e-05], [0.0, 0.0, 0.0, 0.0, 0.0, 0.0, 0.0], [5.8268875719077154e-05, -7.676253168362484e-05, 7.800636512819062e-06, 6.254240756514584e-05, 9.860672812139504e-05, 8.423885945915113e-05, 3.130418359881097e-05], [-6.371815982751762e-05, -0.00013345559489076164, 7.178774196537648e-05, -4.307950412207159e-05, 2.01718240984188e-05, 2.1741761842452416e-05, -6.421131260656214e-05], [0.00013132770109082866, -4.8990508253442524e-05, 7.064049993294971e-06, 7.53631167942509e-05, 9.960022558674973e-05, 0.00010733811589928672, 8.537751852950977e-05], [0.0003006858188319316, -0.00024614499978560967, -0.00011621323777412525, 0.00023190135006280108, 0.00016993137650187176, 0.0003772811405831204, 0.00045483324139613374], [4.176235638372205e-05, -0.00010145187532027892, -0.0001013507519080332, 3.256136892152964e-05, 1.9227446479689114e-05, 5.7332185779559365e-05, 6.8093907430761385e-06], [-0.00021208636739777413, 6.128571944235905e-05, -2.6661097094551326e-05, -0.00011619239273019838, 0.00013270091484964762, 7.960626255000575e-05, -5.380816162755997e-05], [0.00012566081519366944, -9.787319899783976e-05, -7.887353058863503e-05, 0.0001197066142350755, 0.00014888555311749104, 0.0001999405664630629, 0.00016635727698234294], [-2.360829023499036e-05, -3.9393940971417606e-05, -3.9359873752740354e-05, 1.4469715567259893e-05, 1.991495589478371e-05, 5.3905279607260596e-05, -2.7007052458333163e-05], [0.00010871045383943506, -0.00010418374210998867, -4.1926655183745015e-07, 0.00010129108636172222, 0.00017658514610619338, 0.00017577350500025198, 0.00011824221336201084]], "matriz_pso": [[-0.049759436190221745, -0.0368032984772881, -0.023211969602866936, 0.0048179608480702, 0.026685921338251078, 0.04274960156982495, 0.05279194321974329], [-0.04981133076400289, -0.036788118470207874, -0.02317874957128005, 0.004784501884505982, 0.026613483622591423, 0.04268382085958533, 0.05274042511541427], [-0.04987856952346489, -0.0367724563618676, -0.023269491769325953, 0.004758597943207409, 0.026515984506007246, 0.042594769116494596, 0.05268737084765343], [-0.04979353503577223, -0.036831440166231834, -0.02310295732592345, 0.004805700747686226, 0.02673403408442462, 0.042750294529969035, 0.052773919645618755], [-0.04973885547379813, -0.036790254826708155, -0.023023565253219413, 0.004820018572527405, 0.02670363321003452, 0.042688614137685904, 0.052754489036944074], [-0.04980316168265659, -0.036814300439585786, -0.023163713712013794, 0.004802001985277424, 0.02667292552006828, 0.04272922948108932, 0.05277130131291773], [-0.049794883067510676, -0.036834291604883336, -0.023126768734369106, 0.004801862673868842, 0.02670226392708833, 0.04276136405973647, 0.0527667608323535], [-0.049829813709694463, -0.03684683580125804, -0.023080551919412568, 0.0047726425848408655, 0.026711238788289474, 0.04272857578566923, 0.052745661279221256], [-0.049771488614754736, -0.03683757414151252, -0.02312794900231167, 0.004824403275412835, 0.026753561347802886, 0.042785636017291614, 0.052817705099595616], [-0.04959537611448181, -0.037002477592721364, -0.023189404213097647, 0.004950898551529701, 0.026789054906932952, 0.0429916955989502, 0.05313315021261148], [-0.04981282054388533, -0.03681933549453472, -0.023233825922572063, 0.004814496597906575, 0.026646936892106787, 0.042745069669443664, 0.052794735423106635], [-0.04979357249057167, -0.03683094505581066, -0.023103135122538296, 0.004805550932978755, 0.026734290581799183, 0.042750133362909004, 0.05277405589495024], [-0.04977151543043632, -0.03683780545421118, -0.02312835565860203, 0.004824613108666794, 0.026753794565777225, 0.04278607421172028, 0.05281808829549133], [-0.04978252572266832, -0.036810065926031414, -0.023235661687587842, 0.004818940531809754, 0.026616580392865442, 0.04271583732963088, 0.052791752042551064], [-0.049802742347170165, -0.03681470231391003, -0.023163715329276323, 0.004802392701583628, 0.02667360667275896, 0.042729907502987094, 0.05277175741584349]], "p_best": [[-0.0497743094906503, -0.03670137075764774, -0.023218188968834645, 0.004777238042862613, 0.02665978870424778, 0.0426489450309838, 0.05279779511281929], [-0.04981133076400289, -0.036788118470207874, -0.02317874957128005, 0.004784501884505982, 0.026613483622591423, 0.04268382085958533, 0.05274042511541427], [-0.04987856952346489, -0.0367724563618676, -0.023269491769325953, 0.004758597943207409, 0.026515984506007246, 0.042594769116494596, 0.05268737084765343], [-0.04960321458050632, -0.03660500495045974, -0.023179618247745018, 0.004834832101303771, 0.02675039015026776, 0.04257703009490993, 0.052906905670201954], [-0.04986011380879557, -0.036732855039798645, -0.023008734571789338, 0.004749939645755287, 0.026594810563721955, 0.04256286530469208, 0.0526602557279721], [-0.04980316168265659, -0.036814300439585786, -0.023163713712013794, 0.004802001985277424, 0.02667292552006828, 0.04272922948108932, 0.05277130131291773], [-0.04985315194322975, -0.036757529073199714, -0.023134569370881927, 0.004739320266303696, 0.026603657198966936, 0.04267712520027732, 0.05273545664875469], [-0.04976609554986695, -0.03671338020636728, -0.023152339661377943, 0.004815722088962937, 0.026691066964191056, 0.04270683402382678, 0.05280987259182782], [-0.04990281631584557, -0.03678858363325908, -0.023135013052304965, 0.004749040158618584, 0.026653961122216137, 0.042678297901392326, 0.05273232758106611], [-0.04959537611448181, -0.037002477592721364, -0.023189404213097647, 0.004950898551529701, 0.026789054906932952, 0.0429916955989502, 0.05313315021261148], [-0.04981282054388533, -0.03681933549453472, -0.023233825922572063, 0.004814496597906575, 0.026646936892106787, 0.042745069669443664, 0.052794735423106635], [-0.049581486123173896, -0.03689223077525302, -0.023076474025443744, 0.004921743325708953, 0.026601589666949536, 0.042670527100359, 0.0528278640565778], [-0.04989717624562999, -0.03673993225521334, -0.023049482128013395, 0.004704906494431718, 0.026604909012659734, 0.04258613364525722, 0.052651731018508986], [-0.04978252572266832, -0.036810065926031414, -0.023235661687587842, 0.004818940531809754, 0.026616580392865442, 0.04271583732963088, 0.052791752042551064], [-0.0499114528010096, -0.03671051857180004, -0.023163296062724485, 0.004701101615221906, 0.026497021526652766, 0.04255413399798684, 0.052653515202481474]], "g_best": [-0.04980316168265659, -0.036814300439585786, -0.023163713712013794, 0.004802001985277424, 0.02667292552006828, 0.04272922948108932, 0.05277130131291773], "r": [0.35918561382032566, 0.46691734793020256], "qde_particulas": 15, "condicao_voo": {"Velocidade": 20, "Viscosidade": 1.789e-05, "Temperatura": 288.2, "Densidade do Ar": 1.225, "Diametro da Helice": 2.4383999999999997, "Numero de pas": 2, "Rotacao do Motor": 1000.0}, "condicoes_geometricas": {"raio": [0.254, 0.30479999999999996, 0.4572, 0.6095999999999999, 0.762, 0.9144, 1.0668, 1.2191999999999998],