{"eficiencia": [0.9630514387184013, 0.9608714447781226, 0.9610035598833494, 0.9609398088055043, 0.9609318894643607, 0.9607158278512641, 0.9609350332679921, 0.9609839941957704, 0.9608247068812317, 0.9608185131858545, 0.960976437775607, 0.9606690171576193, 0.9609415418953419, 0.9608943913734485, 0.9607615258479731], "matriz_v": [[0.0006908892058096535, 0.0023456469303265483, -0.001511607104011492, -0.0005403007316334492, -0.0009154650962600562, 0.0017258573204723049, 0.0006242275574035421], [0.0004968924895287851, 0.0030056667554511154, -0.0013338252118602545, 0.0003631996315808739, -0.0017236004600279327, 0.0017664083323012942, 0.0008062195877725107], [-0.0005029426427558966, 0.005763889349072613, -0.001740241399196438, 0.0013390150816584934, -0.0021685063780030223, 0.0030840313604814716, 0.0032430663192273097], [9.530638433340372e-05, 0.002239151626971994, -0.001960438803895219, 0.000628883316945471, -0.0015693027588720753, 0.0026498091218601885, 0.0008871973460054321], [0.0027174195536459013, 0.002868061413414956, 0.002371392918472746, -0.001063722107821164, 0.0012581566519476834, 0.0008073219123176394, 8.302001455568698e-05], [0.0009500140363966634, 0.0012948152556304202, -0.0009723619466858976, -0.0003485334123494489, -0.0013165241981534024, 0.001150520653281956, -0.0006171061747998489], [0.00011326538473973642, 0.003323558093538225, -0.0013720943680648066, -2.923574485116313e-05, -0.0004003184869175048, 0.001998843361927266, 0.0011078990867788327], [-0.0003905721648384988, 0.003147800650724896, -0.001858751244744495, 0.0008146648120356907, -0.0006819313066981201, 0.002180574160474038, 0.0010338268454131298], [-0.0004076782586342146, 0.0033120075851694876, -0.002098470220445256, -0.00018434545543657597, -0.002733525045011848, -8.388277229162905e-05, 0.0008693792287143435], [0.002871590719995169, 0.0013290883057143574, -0.0035526934923451304, -0.0015693574394514316, 0.0015001563392153686, -0.0007814554942874327, 0.0006684147505557564], [0.00024463369680721725, 0.0021104222053568208, -0.0014446633273805822, 5.91173428189248e-05, 0.00029059870493152015, 0.003805189254884608, 0.0005623413490324277], [0.00040523146350993143, 0.0004554666978962272, -0.0004929505156484725, -0.0013100631580798537, -0.0016292263061503513, -0.0004263488332641544, -0.0012582001764907217], [0.0008703047127058345, 0.0029690106672151002, -0.0007571891197327707, -6.933106485986786e-05, -0.0008309038005745694, 0.0016924983377616665, 0.0007501722360886793], [0.00036065490486143526, 0.003110599877780368, -0.0015902782433125692, 0.0002792229378076346, -0.001628117415572677, 0.002220269663667897, 0.0010560830168455733], [0.0, 0.0, 0.0, 0.0, 0.0, 0.0, 0.0]], "matriz_pso": [[-0.04920419142719646, -0.01851623218764738, -0.016707330550960447, 0.006276467013809331, 0.02969995520865767, 0.05638474151446136, 0.05625744442785456], [-0.049190764429389994, -0.01828131495502618, -0.016686133157358073, 0.006485513179010361, 0.02942556851446521, 0.05646687040990299, 0.05636034102317339], [-0.04957018638188826, -0.017341820008675225, -0.016799120443165283, 0.006793124752603402, 0.029304528290855992, 0.056962526952192234, 0.05721088534937165], [-0.049305581756361884, -0.018534361645839152, -0.01678373838568994, 0.006475505587901407, 0.029588647740674184, 0.056542032446801366, 0.05630221165831433], [-0.048412547157423234, -0.019321931475117612, -0.015523188512611703, 0.005705962028572973, 0.031175475391632363, 0.05650398042662684, 0.055464677957996464], [-0.0487103369864846, -0.01998658616887602, -0.016344694862239374, 0.005794445595057285, 0.029808725265720832, 0.055818289111899795, 0.05492646281099357], [-0.049302524467103315, -0.018349755366696092, -0.016683580298753137, 0.006363469266672059, 0.029787652305360728, 0.05643121388337904, 0.056339783296275495], [-0.04938829634156909, -0.018379675814931898, -0.016766427384226255, 0.0065071325023469085, 0.02973971133818511, 0.05646215121874153, 0.056327173448134676], [-0.04944782486379403, -0.018295754747765056, -0.016860317237873016, 0.0062587755576757245, 0.029082782300862926, 0.05573353546072709, 0.05627959606420745], [-0.04825005949787529, -0.01896217997171082, -0.017568794907570205, 0.005674068296251952, 0.030761286229222473, 0.05547411261679182, 0.056324516721244826], [-0.049146638550226524, -0.019464451793653643, -0.01663106252806725, 0.006048531328182808, 0.030784977841531433, 0.05747963684720554, 0.05566979947278419], [-0.04894785830862082, -0.020322563067494245, -0.01613896409335889, 0.005397837838692392, 0.029704911231979, 0.055222561169337055, 0.054682012677267536], [-0.04917364824051339, -0.018410112514289013, -0.01657890057448004, 0.006356643553190936, 0.029714350683636204, 0.05637906257592301, 0.05627888489250205], [-0.049265663187776684, -0.018272728790476214, -0.0166761450955688, 0.006432492641133222, 0.02948245701602816, 0.05660204662867372, 0.05642021355620148], [-0.049289319127748796, -0.020560651813763292, -0.015827286317798922, 0.006045354614887551, 0.030515526087018668, 0.05524025616769079, 0.05539980182882865]], "p_best": [[-0.04920419142719646, -0.01851623218764738, -0.016707330550960447, 0.006276467013809331, 0.02969995520865767, 0.05638474151446136, 0.05625744442785456], [-0.049190764429389994, -0.01828131495502618, -0.016686133157358073, 0.006485513179010361, 0.02942556851446521, 0.05646687040990299, 0.05636034102317339], [-0.04906724373913236, -0.023105709357747837, -0.015058879043968843, 0.0054541096709449085, 0.031473034668859014, 0.05387849559171076, 0.053967819030144346], [-0.049305581756361884, -0.018534361645839152, -0.01678373838568994, 0.006475505587901407, 0.029588647740674184, 0.056542032446801366, 0.05630221165831433], [-0.048412547157423234, -0.019321931475117612, -0.015523188512611703, 0.005705962028572973, 0.031175475391632363, 0.05650398042662684, 0.055464677957996464], [-0.04855740886936008, -0.024673883991668602, -0.01478943417593612, 0.004861957765095404, 0.03177199074232246, 0.05320003683670966, 0.05261330477033946], [-0.049302524467103315, -0.018349755366696092, -0.016683580298753137, 0.006363469266672059, 0.029787652305360728, 0.05643121388337904, 0.056339783296275495], [-0.04938829634156909, -0.018379675814931898, -0.016766427384226255, 0.0065071325023469085, 0.02973971133818511, 0.05646215121874153, 0.056327173448134676], [-0.04904014660515982, -0.021607762332934544, -0.014761847017427759, 0.006443121013112301, 0.031816307345874775, 0.055817418233018716, 0.05541021683549311], [-0.051121650217870455, -0.020291268277425174, -0.014016101415225074, 0.007243425735703383, 0.029261129890007103, 0.05625556811107925, 0.05565610197068907], [-0.049146638550226524, -0.019464451793653643, -0.01663106252806725, 0.006048531328182808, 0.030784977841531433, 0.05747963684720554, 0.05566979947278419], [-0.048344764039066304, -0.024203663140564373, -0.014992211207563154, 0.00534485060767847, 0.03204877167110529, 0.05425216337998612, 0.05303035299582253], [-0.04917364824051339, -0.018410112514289013, -0.01657890057448004, 0.006356643553190936, 0.029714350683636204, 0.05637906257592301, 0.05627888489250205], [-0.049265663187776684, -0.018272728790476214, -0.0166761450955688, 0.006432492641133222, 0.02948245701602816, 0.05660204662867372, 0.05642021355620148], [-0.049289319127748796, -0.020560651813763292, -0.015827286317798922, 0.006045354614887551, 0.030515526087018668, 0.05524025616769079, 0.05539980182882865]], "g_best": [-0.04920419142719646, -0.01851623218764738, -0.016707330550960447, 0.006276467013809331, 0.02969995520865767, 0.05638474151446136, 0.05625744442785456], "r": [0.766896770909536, 0.6760412898578624], "qde_particulas": 15, "condicao_voo": {"Velocidade": 20, "Viscosidade": 1.789e-05, "Temperatura": 288.2, "Densidade do Ar": 1.225, "Diametro da Helice": 2.4383999999999997, "Numero de pas": 2, "Rotacao do Motor": 1000.0}, "condicoes_geometricas": {"raio": [0.254, 0.30479999999999996, 0.4572, 0.6095999999999999, 0.762, 0.9144, 1.0668, 1.2191999999999998],