{"eficiencia": [0.9567298350975816, 0.9567951041812465, 0.956727242606291, 0.9565677414465895, 0.9567517706407408, 0.9567683026882007, 0.9566675133155416, 0.9566800477343788, 0.9566571179612069, 0.9566937569788438, 0.9567324548538454, 0.9567953971136617, 0.9603513495576785, 0.9567657466764157, 0.9566205442456495], "matriz_v": [[-0.0008090388952166567, -0.00013436819817752178, -8.09824231878906e-06, -0.0006029897844479873, -0.00028941660749192094, -0.00031033713036896014, 0.0006260610826677908], [-8.929755326978781e-05, -0.0006730920101635904, -5.7539974780379034e-05, -0.0008510849799304722, 0.0004185504328747614, -0.00035083116384147903, 0.0006331283956493867], [-0.0006568276650024036, -0.0010282380752238344, -0.0007376956480059345, -0.0010258313258778662, 0.0005289581632552523, -6.544930885705617e-05, 0.0009563951784810098], [0.00011801692869455862, -0.0003855848109891036, -0.0005382857254656577, -0.0014966533017618023, 0.0004368541043392224, -0.0009731554441070249, 0.0012331295402363783], [0.00012501732926547114, -0.0006371956834412576, -0.0009778860488752579, -0.0007177065542565954, 0.0005078801868450447, -0.000181732671874196, 0.001012564419225752], [-0.0005112759692041129, -2.152778045622165e-05, -0.00022230870716455917, -0.00041950063956200845, 0.00041852757674495613, 4.659813581884951e-05, 0.0012171356555282793], [0.00022233490688245458, -0.0003119019348013236, -0.001001123344097305, -0.0008159994279830296, 0.000765794889222097, -0.0009731012226777739, 0.00035299233138099545], [-0.0008052721743950163, 0.00016704866587151468, -0.00033109908480465154, -0.001121679340620295, -0.00015784405393550719, 7.66474741823694e-05, 0.0011757822019029572], [5.2570669331980764e-05, -0.0005504552354272427, -0.0005098652347137962, 7.296520513210854e-05, -0.0005132569654922969, -0.0007594131742092187, 0.0004900634875631895], [6.892195825990207e-05, -0.0002955910802251155, -0.00033473544919942956, -0.001244919093780008, 0.00028171244115894, -0.0009571796171618391, 0.0010668988515429544], [-0.00029646053725239656, -3.0077244874313362e-05, -0.00026752694955177686, -0.0009896465774803668, 0.0006208188182153047, -0.00034392991188082306, 0.0005276591639123645], [3.7493636244273455e-05, -0.0007373992318073453, -0.0005400180843000357, -0.0010084655857366632, 0.0004517527227308267, 0.00032816112712486726, 0.00041336060221595005], [0.0, 0.0, 0.0, 0.0, 0.0, 0.0, 0.0], [0.0002399968691950969, -0.0005351805091820098, -0.0007543784305152889, -0.000520460457273607, 0.0009257672366876015, -0.0006406590275132091, 0.0013345758827284489], [-0.0009008208993401719, -0.0011016012004714268, -0.0008798165134794897, -0.0007849316560986238, -2.6757295950477885e-05, -0.0004319321397563507, 0.00048356835503793913]], "matriz_pso": [[-0.04994584753341508, -0.024461022171194738, -0.005267380945051701, 0.0228693528001449, 0.008945545960365885, 0.04669262375300287, 0.029093296252822243], [-0.0502642329233096, -0.025074981141826515, -0.005252671026069084, 0.022007141024704413, 0.009190431513125728, 0.04627806628684016, 0.029794136308638537], [-0.05077379089184075, -0.02539384969823043, -0.005863350064888148, 0.021850244692318888, 0.009289561299615934, 0.04653429691720718, 0.03008438199207971], [-0.05007809522930367, -0.024816842267217424, -0.005684309494292926, 0.021427516303795476, 0.009206865498662843, 0.045719311271971236, 0.0303328484545346], [-0.05007180990660435, -0.025042751557978502, -0.006079005463954123, 0.02212689509277452, 0.009270636399212778, 0.046429891683003675, 0.030134813649565603], [-0.05064310703050198, -0.02448997298385644, -0.005400608939521491, 0.022394639829052654, 0.009190410991706983, 0.04663489892423348, 0.030318488315341455], [-0.05012304318951083, -0.024848590342135754, -0.005484884551190936, 0.02113423988332692, 0.00906513329136489, 0.04571928790933819, 0.030712077163983168], [-0.05090707207125655, -0.024320659270069118, -0.005498286582839455, 0.021764187373649414, 0.008672914648910476, 0.046661878778686446, 0.03028135903993308], [-0.050264845883208155, -0.02416428378350348, -0.004771076031049677, 0.0231813877289357, 0.00876027489190098, 0.046952481801847086, 0.028762275670811112], [-0.050220015420662, -0.024556694896152746, -0.005095901070721494, 0.022155211353856917, 0.008758393194244228, 0.045765493037579714, 0.029852320796810553], [-0.05018885645293937, -0.0245161396577569, -0.005335968336447255, 0.02256336240309842, 0.008960202464514419, 0.04657992044102165, 0.029341613534579532], [-0.05015039321750229, -0.025132719500629425, -0.0056858648959009885, 0.021865836554469383, 0.009220242250952462, 0.04688770078072958, 0.029596817385720703], [-0.05027396520815321, -0.02432531615467378, -0.004833881435673051, 0.02312969208900826, 0.00853787818396489, 0.0465147410020973, 0.02901718831119103], [-0.05008053133659463, -0.024715288284555964, -0.005505294200948896, 0.022587629004540394, 0.00923148620820223, 0.046237142445006055, 0.029874216468715332], [-0.049972727370788075, -0.023995413043793393, -0.004657723216978273, 0.023444246729526202, 0.008611211732094202, 0.046852141841044415, 0.028764265774891735]], "p_best": [[-0.04565373889867155, -0.024921646062206673, -0.007919220791090137, 0.02295333308849176, 0.012271948034054441, 0.048659973459524136, 0.0278080045504873], [-0.05055947404513714, -0.03088140789150061, -0.007292369690069335, 0.013905374773269547, 0.013612034785565974, 0.04392197841418016, 0.035568191314161585], [-0.05543166981027069, -0.0339303054185549, -0.013131445929749892, 0.012405192863805373, 0.014559875376359622, 0.04637195637403891, 0.03834340802559243], [-0.04877969757126174, -0.02841318403992935, -0.011419529398730475, 0.008363227883250574, 0.01376917018464335, 0.038579379563181776, 0.04071914802165231], [-0.04871959975211393, -0.030573241104532363, -0.015193459256881724, 0.015050416749534975, 0.014378922814935401, 0.045373673997236054, 0.03882561598465888], [-0.054182121387700746, -0.025287786663190412, -0.008706894670422911, 0.017610488126676833, 0.013611838567715036, 0.04733387376689294, 0.040581841937390215], [-0.04977363442892551, -0.029115231066663333, -0.007009634035893447, 0.0018779893441962948, 0.010635037643318008, 0.0385788629439188, 0.04910505452481548], [-0.056706052781443916, -0.023668874566355642, -0.009640850431126363, 0.011582346142776149, 0.008663739145163961, 0.04759184467644144, 0.040226826199085394], [-0.05072560750564092, -0.01989089937699548, -0.0006272736923131879, 0.022457999669489095, 0.012589650442816396, 0.05238490043373455, 0.025197399791526395], [-0.04972472033100484, -0.02668090631263458, -0.007501416359440861, 0.013208827215371807, 0.010782868300932256, 0.03888689619747759, 0.037519394914719915], [-0.04883278574098265, -0.025609146842465857, -0.00768378886287455, 0.02184328977325456, 0.00982563767449729, 0.047946091076959525, 0.029864172813936517], [-0.04947098290812804, -0.03143347969612022, -0.011434401545955902, 0.012554276205508693, 0.013897073504543514, 0.04975106712016093, 0.03368150426382999], [-0.05027396520815321, -0.02432531615467378, -0.004833881435673051, 0.02312969208900826, 0.00853787818396489, 0.0465147410020973, 0.02901718831119103], [-0.049755471248139393, -0.02543547981377091, -0.006534214345874863, 0.021868847447290743, 0.010479439586329554, 0.04539639250069277, 0.031657107702135444], [-0.043060344480598034, -0.015459688816639146, 0.0023471325761831568, 0.029355485766257346, 0.008678195746580412, 0.04975195469844707, 0.025249620621691567]], "g_best": [-0.05027396520815321, -0.02432531615467378, -0.004833881435673051, 0.02312969208900826, 0.00853787818396489, 0.0465147410020973, 0.02901718831119103], "r": [0.07588349395011673, 0.8934849028563442], "qde_particulas": 15, "condicao_voo": {"Velocidade": 20, "Viscosidade": 1.789e-05, "Temperatura": 288.2, "Densidade do Ar": 1.225, "Diametro da Helice": 2.4383999999999997, "Numero de pas": 2, "Rotacao do Motor": 1000.0}, "condicoes_geometricas": {"raio": [0.254, 0.30479999999999996, 0.4572, 0.6095999999999999, 0.762, 0.9144, 1.0668, 1.2191999999999998],